ticker,id,subreddit,title,text,score,num_comments,created_utc,url,collected_at,relevance_score,query_used,subreddit_weight,all_tickers,financial_keywords,quality_score
AAPL,1nwif2h,wallstreetbets,$GOOGL getting ready to enter PC and operating software space to compete $MSFT $AAPL,Think this isn't getting enough views. Appears that $GOOGL $GOOG will be entering the P/C/Laptop world with a Operating system based on Android that allows for Apps to be downloaded directly onto the PC. Think this was much needed and will help break the monopoly that Microsoft has. I current have to pay $70 for personal Microsoft office products (word/excel). I stopped paying last year and have since used Google office products which have been free and seen no issues. Would love to see more Google apps available more easily on the home screen. Not a easy task going against Microsoft - but lets see how it plays out. They did this with Chromebook in 2011 and made it the biggest laptops for education in the world. A gamble that paid off.,1302,209,2025-10-02 22:41:07,https://www.theverge.com/news/784381/qualcomm-ceo-seen-googles-android-pc-merger-incredible,2025-10-23 08:19:53.788215,1.0,$AAPL,1.0,"['AAPL', 'GOOGL', 'MSFT', 'GOOG']",[],0.9999999999999999
GOOGL,1nrrne6,investing,Is Google still cheap? 10 year expected returns,"Google went from â€œSearch is deadâ€ to â€œGoogle might be the most valuable company because of AI,â€ fueling a 70% rally in just half a year. Congrats to those who realized that search wasnâ€™t dead and captured those fast gains. To me, this wasnâ€™t a difficult call, quarter after quarter, it was clear that search was performing better and better. However, is GOOGL still a bargain after a 70% rally? Lets look into it. When I evaluate whether a stock is a bargain, I typically use discounted models for Free Cash Flow (FCF), Earnings Per Share (EPS), and revenue. I base these models on conservative growth rates and terminal valuations, which give me both an expected-case and worst-case fair value. After making the model, I can adjust the expected CAGR return, to determine the expected returns to justify the current market cap. So I will provide what we can expect Google stock will return every year (on average) the next 10 years. From there, I look for at least a 12.5% compound annual growth rate (CAGR) over the next 10 years. That may sound aggressive, but it builds in a margin of safety while ensuring my returns are likely to outperform the S&P 500. Once the model is built, I adjust the expected CAGR to see what kind of return the current market cap implies together with the expected growth rates and terminal valuations. Anyways here are the results: FCF: 6% to 7.5% CAGR EPS: 11.5% to 14.5% CAGR Revenue: 5% to 7% CAGR So is GOOGL a bargain at today's price? Probably not. Expecting annual returns of around 7%, or as low as 5% under worse assumptions, is not particularly exciting. Note that EPS return estimates are likely inflated due to share buy backs. That said, this is not a case for selling. GOOGL remains my largest position. Google is one of the greatest businesses in the world, and apart from Saudi Aramco (big oil), it is the highest-earning company globally, while Google's margins and growth are outstanding. Holding onto world-class businesses, even when they are trading at okay rather than great prices, is perfectly fine. But I will not be adding to my position at current levels. For me this is a clear hold.",275,142,2025-09-27 10:17:01,https://www.reddit.com/r/investing/comments/1nrrne6/is_google_still_cheap_10_year_expected_returns/,2025-10-23 08:22:24.490034,1.0,$GOOGL,0.8,[],"['earnings', 'rally', 'market cap', 'revenue', 'eps']",0.9285714285714285
GOOGL,1nqzyr0,ValueInvesting,Is Google Stock a Still Bargain? 10-Year Return Expectations,"Google went from â€œSearch is deadâ€ to â€œGoogle might be the most valuable company because of AI,â€ fueling a 70% rally in just half a year. Congrats to those who realized that search wasnâ€™t dead and captured those fast gains. To me, this wasnâ€™t a difficult call, quarter after quarter, it was clear that search was performing better and better. However, is GOOGL still a bargain after a 70% rally? Lets look into it. When I evaluate whether a stock is a bargain, I typically use discounted models for Free Cash Flow (FCF), Earnings Per Share (EPS), and revenue. I base these models on conservative growth rates and terminal valuations, which give me both an expected-case and worst-case fair value. After making the model, I can adjust the expected CAGR return, to determine the expected returns to justify the current market cap. So I will provide what we can expect Google stock will return every year (on average) the next 10 years. From there, I look for at least a 12.5% compound annual growth rate (CAGR) over the next 10 years. That may sound aggressive, but it builds in a margin of safety while ensuring my returns are likely to outperform the S&P 500. Once the model is built, I adjust the expected CAGR to see what kind of return the current market cap implies together with the expected growth rates and terminal valuations. Anyways here are the results: FCF: 6% to 7.5% CAGR EPS: 11.5% to 14.5% CAGR Revenue: 5% to 7% CAGR So is GOOGL a bargain at today's price? Probably not. Expecting annual returns of around 7%, or as low as 5% under worse assumptions, is not particularly exciting. Note that EPS return estimates are likely inflated due to share buy backs. That said, this is not a case for selling. GOOGL remains my largest position. Google is one of the greatest businesses in the world, and apart from Saudi Aramco (big oil), it is the highest-earning company globally, while Google's margins and growth are outstanding. Holding onto world-class businesses, even when they are trading at okay rather than great prices, is perfectly fine. But I will not be adding to my position at current levels. For me this is a clear hold. If you want to look at the calculations for the model: [https://docs.google.com/spreadsheets/d/1wU8giMYc6roETvSiFn\_4HmwoLesiYdFGs3N5xeue3us/edit?gid=725129413#gid=725129413](https://docs.google.com/spreadsheets/d/1wU8giMYc6roETvSiFn_4HmwoLesiYdFGs3N5xeue3us/edit?gid=725129413#gid=725129413) If you want to read more of my work - high quality value investing articles: [https://mathiasgraabeck.substack.com/](https://mathiasgraabeck.substack.com/)",118,74,2025-09-26 12:25:42,https://www.reddit.com/r/ValueInvesting/comments/1nqzyr0/is_google_stock_a_still_bargain_10year_return/,2025-10-23 08:22:57.441844,1.0,$GOOGL,0.6,[],"['earnings', 'rally', 'market cap', 'revenue', 'eps']",0.9285714285714285
GOOGL,1nrz0ln,ValueInvesting,AMZN vs GOOGL,"I have recently been looking at these stocks and interested in getting in. I held GOOG before but had to sell a bit early to cover some life expenses, but I still like the company a lot. I have also recently read that AMZN has entered buy territory. What would you guys recommend if you had to pick one? Any thoughs on which one might have a better medium to long term outlook?",100,131,2025-09-27 16:07:04,https://www.reddit.com/r/ValueInvesting/comments/1nrz0ln/amzn_vs_googl/,2025-10-23 08:22:57.440814,1.0,$GOOGL,0.6,[],[],0.7999999999999999
GOOGL,1o5m2ud,ValueInvesting,Could GOOGL experience a pullback anytime soon?,"I bought a decent position back when it was at like 150, and have been wanting to buy more but this thing has done nothing but go up since then. That, in addition to the meme like sentiment and 1,000 posts on here to buy GOOGL every day has made me not want to buy. I don't like to buy things trading at ATH and stocks that are being pumped on Reddit non stop, but I really believe in GOOGL and want to build a larger long term position. Is there anything that could made them pull back a bit or should I just DCA? I'm worried that their Oct 29th earnings are just going to make them pump more. Yes, I realize that since I am wanting to hold long term it doesn't really matter where I buy but I am a cheap f*ck and still prefer to buy things not at ATH and a bit lower on the RSI.",0,23,2025-10-13 15:00:25,https://www.reddit.com/r/ValueInvesting/comments/1o5m2ud/could_googl_experience_a_pullback_anytime_soon/,2025-10-23 08:22:57.428084,1.0,$GOOGL,0.6,[],['earnings'],0.7057142857142856
GOOGL,1nzs5wb,ValueInvesting,Is GOOGL still a good buy ?,"Was going to buy it this morning but got distracted. At the current price $250-251, is it still a good buy?",184,162,2025-10-06 19:07:23,https://www.reddit.com/r/ValueInvesting/comments/1nzs5wb/is_googl_still_a_good_buy/,2025-10-23 08:22:57.434690,1.0,$GOOGL,0.6,[],[],0.6
MSFT,1nwmqf4,wallstreetbets,Okay Regards MSFT is going to fly soon ðŸš€. Iâ€™m all in fck it,Decided to go all in on MSFT . I was up 20k but im gonna let it ride ðŸ˜Ž,236,215,2025-10-03 02:00:18,https://i.redd.it/aev70ubg0tsf1.jpeg,2025-10-23 08:23:26.454992,1.0,$MSFT,1.0,[],[],0.6
MSFT,1o8yrm6,ValueInvesting,Talk about MSFT,"What do people think about MSFT here? Earnings will also be at the end of this month, do we expect it to go lower than what it currently is?",12,29,2025-10-17 11:29:39,https://www.reddit.com/r/ValueInvesting/comments/1o8yrm6/talk_about_msft/,2025-10-23 08:24:27.275994,1.0,$MSFT,0.6,[],['earnings'],0.5057142857142857
GOOGL,1o5miji,ValueInvesting,Has GOOGL begun sharing Waymo usage and revenue in their Earnings Reports?,"If not, when will they?",61,25,2025-10-13 15:15:57,https://www.reddit.com/r/ValueInvesting/comments/1o5miji/has_googl_begun_sharing_waymo_usage_and_revenue/,2025-10-23 08:22:57.427905,1.0,$GOOGL,0.6,[],"['earnings', 'revenue']",0.4114285714285715
AAPL,1o0jvlo,wallstreetbets,"Someone just sold $6,560,000 worth of $AAPL 260 puts",Thoughts?,3879,338,2025-10-07 16:39:25,https://i.redd.it/yfmg7nsxwptf1.jpeg,2025-10-23 08:19:53.787422,1.0,$AAPL,1.0,['AAPL'],['puts'],0.40571428571428575
AAPL,1o24i2h,wallstreetbets,Holding my AAPL bags since May,"And they said being a diamond doesn't pay off tbh entered in may for a quick trade after the bounce from 200, accidentally ended up becoming a hodler",5,4,2025-10-09 12:24:37,https://i.redd.it/zzwjq2r4u2uf1.png,2025-10-23 08:19:53.786672,1.0,$AAPL,1.0,[],['hodl'],0.3057142857142857
AAPL,1npwdlf,wallstreetbets,AAPL YOLO. Paging Tim Cook,Another $70k YOLO on AAPL calls. Smooth brain.,32,29,2025-09-25 03:28:51,https://i.redd.it/syi02ifrc8rf1.png,2025-10-23 08:19:53.788656,1.0,$AAPL,1.0,[],"['calls', 'yolo']",0.21142857142857144
GOOGL,1o7ucia,ValueInvesting,Stock Picker View: Market Overpriced. New Normal or Sit on HYSA or VOO/VUG and Ride the Wave? Or Let's Pick Some Stocks!!??,"Long time lurker, first time poster. Always been a value stock picker guy. Have had my wins and losses. Bought MSFT at 22 in 2009 when it was dead money 10 years prior (I thought MSFT phone was going to be a thing if I'm being honest). Richard Kinder suckered me in to KMI at 40 with his dividend forecasts and then cut it immediately thereafter (but at least I DCA'ed). My 401k is in FSGPX (basically VUG) but I'm a stock picker at heart with MSFT KMI MO ABBV/ABT CSCO WFC a shit ton of GOOGL (lucky but obvious at 150) at the heart of my stock portfolio. Lost on NOK, SAN (though it's coming back) ARCO and that's about it. Anyway, here's my dilemma. What the hell do we buy right now? I honestly still love GOOGL but some of that is rose colored lenses because it's been good to me. But I do think it will be the highest MC stock in the world before long. And I'm not going to buy more of something that's run so hard so fast. But it's basically the Berkshire of tech. Looked at PFE DIS JD BRK.B. Can't pull the trigger. PFE is the classic value play but of they cut the dividend that's going sub 20 and the pipeline legit scares me unless the GLP-1 drug actually works. DIS has been dead money for years and has no growth. JD is the leader in the clubhouse but China is China. BRK.B I feel like I'm better off just buying VUG and VOO and riding the ridiculous valuations of the market instead of chugging along at 7-8%. Oh and I'm not buying NVO at 1.7T market cap My honest opinion is this is a different market and 25 forward PE is the old 10 forward PE and everyone wants to make 100% gains in 3 weeks and making 100% gains in 5 years is boring. Jesus give me 100% gains every 5 years forever please. So what's the real play? HYSA at ~4%? VOO/VUG and ride out the dip? Wait for the inevitable correction (which may be in 2 years with AI spending and the current administration)? Or let's pick some fucking stocks????? TL;DR I feel like the market is hyper overpriced right now and I don't know what to do with my money.",0,3,2025-10-16 02:17:16,https://www.reddit.com/r/ValueInvesting/comments/1o7ucia/stock_picker_view_market_overpriced_new_normal_or/,2025-10-23 08:22:57.425908,0.9,$GOOGL,0.6,[],"['dividend', 'dip', 'market cap', 'loss']",0.6228571428571429
GOOGL,1o7yfof,wallstreetbets,Account recovery (600 -> 17k) thanks to tariff-driven volatility and LEAPS,"Ive been down about 15k since 2020 madness after chaining some terribly timed trades when vaccines were coming out with short-term calls. Account was dormant for years. Come liberation day and that massive drop in April I bet the 800 or so left in my account on LEAPS assuming thereâ€™s no way this admin is going to let the market go to shit hyping up the â€œgolden ageâ€, plus devaluation of the dollar forcing money to continually go to equities. I chose GOOGL and NVDA mainly at first, NVDA was way less far out (expiry in July) because the premium was still expensive for my little account, the GOOGL contracts were Jun 2026 expiry. NVDA rebounded pretty quick and I used the proceeds from that to divest into a bunch of other random stuff (see screenshots) that I saw getting hyped in random threads, basically gambling and got lucky it worked out. GOOGL I held for a while but at one point it was such a massive gain that I sold and replaced with a smaller footprint, that is still the largest gain Iâ€™ve had to date from any trade ($555 to $4700). Lots of SPY trades for not a lot of gain mostly because I was hedging volatile times along the way with weekly calls/puts (especially over weekends and FOMC meetings where things felt dicey). Iâ€™ve since converted more than half of my portfolio to shares but still have some random LEAPS where I found DD interesting and the risk/reward was appetizing, mainly for LAES as of late. Im holding Jan 2027 LEAPS that are up 800% in like a month, will prob trim that and roll into some other LEAPS.",162,26,2025-10-16 06:00:53,https://www.reddit.com/gallery/1o7yfof,2025-10-23 08:21:41.491766,0.8500000000000001,$GOOGL,1.0,[],"['calls', 'puts']",1.0
GOOGL,1nxpeth,investing,"If investing into snp500 is common advice, with back tests and all, then why not 2x leveraged snp500?","[https://stockanalysis.com/stocks/compare/sso-vs-googl-vs-spxl-vs-spy/](https://stockanalysis.com/stocks/compare/sso-vs-googl-vs-spxl-vs-spy/) \[sso is 2x snp500, spxl is 3x\] But as SSO is a in a way 500 stocks, then it is safer/more diversified than GOOGL which could be partially wiped out by a single court ruling even though one is leveraged while GOOGL or any magnificent 7 stock is not leveraged? Shouldn't we just SSO retirement funds, by shifting money from SPY into SSO every time snp500 does say -10% or even just ""dollar cost average"" buy monthly SSO instead of SPY? EDIT. Great discussion so far after initial downvotes. I hope for a quant type comments (probabilistic type approach to volatility/risk/returns or for links to academic studies)",191,196,2025-10-04 09:24:24,https://www.reddit.com/r/investing/comments/1nxpeth/if_investing_into_snp500_is_common_advice_with/,2025-10-23 08:22:24.486515,0.8500000000000001,$GOOGL,0.8,[],[],0.8999999999999999
GOOGL,1nsxxt8,ValueInvesting,Rotating out of Mega Caps,"Hey I'm relatively new investor, only 2 years, but I was lucky to put my life savings into Nvda in 2023 at 450 (45 split adjusted) per share and then buy a lot of Googl on Liberation day for 150 per share. I understand that what I'm doing is simply irresponsible and I got lucky. So I'm trying to rotate out of mega caps into value stocks. Because US stock market looks super hot for me right now. Nvda and googl together make up 84% of my portfolio. I was thinking to rotate into: 1. KSPI - fintech company with crazy ROE and operating margin that grows revenhe 15-20% a year, pays a huge dividend and also this year acquired business in Turkey and aggressively expanding there. Currently trading at 8 PE, PEG 0.28 2. CDLR - construction company that focuses on offshore wind turbines. Company has 2.5 Billion euros of backlog contracts signed. Trading at 6.98 PE, PEG 0.07 (how is that even possible?) 3. KAP.IL - largest uranium extractor, with lowest uranium extraction cost. They are going through company restructuring and trading at PE of 11. Pays huge dividend as well. 4. BN - just because this looks like a very diversified bet in one stock. PE is craz crazy high but only because of the complex hierarchical structure of the corporation. What do you think of those picks? And how much should I keep in mega caps?",35,121,2025-09-28 19:56:27,https://www.reddit.com/r/ValueInvesting/comments/1nsxxt8/rotating_out_of_mega_caps/,2025-10-23 08:22:57.439670,0.8500000000000001,$GOOGL,0.6,[],"['dividend', 'split']",0.8114285714285714
AAPL,1o0k6ce,ValueInvesting,"This is my portfolio right now, any suggestions / input?","Happy to discuss my reasoning, defend my case BRK 31,4% AAPL 16.1% INVE 8.7% LULU 7.2% AMZN 6.9% 8TRA 5.9% PDD 5.6% AMX 5.1% EQT 4.9% PSH 4.9% MCD 3.1% EDIT: thanks for the input - have now decreased my AAPL down to 0 avg price $256",0,32,2025-10-07 16:49:52,https://www.reddit.com/r/ValueInvesting/comments/1o0k6ce/this_is_my_portfolio_right_now_any_suggestions/,2025-10-23 08:20:59.032784,0.8500000000000001,$AAPL,0.6,[],[],0.4
GOOGL,1o8mkz5,stocks,GOOGL Cooking: Waymo (DoorDash Phoenix // London expansion) and DeepMind (Fusion energy // Cancer therapy),**Waymo partnering with DoorDash in Phoenix** https://waymo.com/blog/2025/10/your-doordash-order-delivered-by-waymo **Waymo expanding outside USA. Hello London!** https://waymo.com/blog/2025/10/hello-london-your-waymo-ride-is-arriving **DeepMind bringing AI to the next generation of fusion energy** https://deepmind.google/discover/blog/bringing-ai-to-the-next-generation-of-fusion-energy/ **DeepMind model helps discover a new potential cancer therapy pathway** https://blog.google/technology/ai/google-gemma-ai-cancer-therapy-discovery/,130,29,2025-10-17 00:08:26,https://www.reddit.com/r/stocks/comments/1o8mkz5/googl_cooking_waymo_doordash_phoenix_london/,2025-10-23 08:22:07.030480,0.7,$GOOGL,0.9,[],[],0.9999999999999999
GOOGL,1nwq6nf,ValueInvesting,GOOGL or MSFT?,Google or microsoft for longterm investing for 28y old?,79,131,2025-10-03 05:01:10,https://www.reddit.com/r/ValueInvesting/comments/1nwq6nf/googl_or_msft/,2025-10-23 08:22:57.436019,0.7,$GOOGL,0.6,[],[],0.30000000000000004
MSFT,1npdpk7,ValueInvesting,CRWV and CORZ,"All previous crypto mining stocks transitioning to AI/HPC are going up. Why? Because big tech is throwing money at them. MSFT, META, GOOG CEOâ€™s have all acknowledged that the biggest restriction to AI growth is power not GPUs. Which companies have the most amount of power to power data centers? CRWV and CORZ. The demand is so far beyond what people currently understand. MSFT threw a $19B deal at NBIS for 300MW + 400MW extension. CRWV has 470MW active as of Q2 2025, and target ~1000MW by year end. They are a preferred NVIDIA partner. NVIDIA also announced that they are backstopping any excess cloud from CRWV for up to $6B up to 2030. Even if they need it or not, they agreed to this. CRWV has 2.2GW of contracted power capacity that they can expand into (the bottleneck). CORZ has $5B market cap. They have 900MW of power that is active and dedicated to AI but needs connecting to GPUs etc. another 400MW used for Bitcoin mining, bringing total to 1.3GW. They also have 1GW of expansion also possible. They had 50MW active and powering GPUs by Q2 2025. Year end goal is 250MW. That is 5x the revenue they were generating before. They also still have 650MW more to expand to. Remember NBIS got a $19B deal for 300MW + 400MW possible expansion. I value CORZ at $15B market cap, would not even think about selling before. I expect them to crush next earnings call and market to price them closer to fair value. For the acquisition by CRWV deal, this will not go through unless CRWV stock goes up a lot higher maybe $200. Shareholders are not happy with current deal (Two Seas capital which is largest active shareholder has shown opposition). Stock price also tanked ~30% after deal announcement, but this will also not go through unless shareholders approve (big opposition over current deal). Finally, just want to mention big hedge fund buying. Jane Street and Coatue Management are hedge funds that have outperformed the market significantly over last 3 years (achieving 90%+ and 180%+ over last 3 years) have made CRWV their biggest holding at 4% and 8% respectively. There is also a cracked OpenAI guy (1st in his class in Columbia) that started his own hedge fund called Situational Awareness who has like 65% returns over last two quarters has CORZ as his third biggest holding at 20% of his portfolio.",2,5,2025-09-24 14:31:39,https://www.reddit.com/r/ValueInvesting/comments/1npdpk7/crwv_and_corz/,2025-10-23 08:24:27.280388,0.6000000000000001,$MSFT,0.6,[],"['earnings', 'market cap', 'revenue', 'acquisition']",0.6228571428571429
GOOGL,1o1kjzn,ValueInvesting,Opinions on investing strategy,"This year has been a crazy ride. I've learned so much but still feel I have no idea what I'm doing. I had been ""investing"" since 2021 but never made (or lost) any real money. Started to take it more seriously and actually use my head a little over a year ago in the summer of 2024 when I realized I was missing out sitting on the sidelines waiting for a crash. I'm in my mid 20s for context and have been working my first real job for a few years. In January I was up 15%. April this year I was 20% in the red. Today up 18% overall. Reluctantly sold a few things that would have been up pretty well now, bought GOOGL at $155 but sold when it got Back to $200, I had INTC last year at $19 and watched it go up but ultimately decided it was a shit business that makes no money and my crystal ball didn't foresee the orange man buying it, I also had some ELV at $275 and sold that too soon, but rebalanced into what I thought was going to be safer going forward. I sold some of those early thinking no way the market has recovered that easily after so much fear. I mean it feels like a different world and that was only 6 months ago. Especially when people talk about Dot Com similarities, runaway inflation, soaring national debt, it's easy to get wrapped up in the fear. Not so sure if I just got lucky off the bull market recovery or what. I could have sold everything at a loss and been worse off and been THAT guy I suppose. Sorry if this has been long but here's my yearly performance. I honestly don't know if this is bad or good. My brokerage chart tells me I'm about in line (currently) with the S&P over the last year. I'd like it to be higher and it would have been had I not panic sold a few. But what can I really expect I guess. I'm not Warren Buffett. ~ 34% of my portfolio is UNH. Caught my eye when it lost almost half its value initially before the institutional money was known to be flowing in but I had realized that insider buys were up in the tens of millions so I had a pretty good feeling to buy then. I like the company despite the hate and would have bought higher and continuing to buy. +38.75% YTD and by far my favorite position. ~ 30% is a mix of S&P and Nasdaq tracked indexes though I am not up as much in those as I mainly started buying in after the April draw downs and haven't been exposed to them as long as I should have over the last 3 years. +14% combined YTD. Obviously not selling that ever. ~ 12% in LULU which I am down a bit on though I'm not sweating... yet. -23% YTD. My only real bad bet. Could have gotten out when it was flying high last year and have been holding since. Not very confident on a 5-10 year basis but believe I can make my money back if not more within the next year and would put it to something other than apparel. ~ 6.5% in NVO. I am a believer in the medicine and think they're beaten down compared to LLY which was in a similar position before they got theyre GLP-1 to market though I think those tables may turn again once Novo gets the Wegovy pill approved and widely available. +8% YTD ~ 4.2% recently allocated to ADBE after the recent draw down and will DCA heavy if it goes lower (I sold Google too soon and this is my next best tech value play at least in my head, will rebuy Google on whatever correction happens next, or I'll just miss the boat on it). -0.2% YTD ~ 2% in PYPL. I had more in this one last year around the price I have it now and watched it go to $90 which didn't last long and I only made a few hundred by the time I exited. Overall I believe in PayPal's turnaround plan but do realize it is years out from being successful. Re-entered a small position and now + 9.9% YTD ~ the rest is small bs like RR and a CURLF I'm up +265% in though I do not have much in as I don't buy penny stocks or OTC seriously. Kind of bullish on the weed if some shock legalization/rescheduling occurs but that's a huge if. ~ and about 8% cash in the brokerage that I'm waiting to use in something like ELV or GOOG once I see them come back down. Or anything else I think might be a great value buy after losing 50-60% on some overblown fear that seems to be the new normal for this bull run. Let me know if I'm doing good or just a lucky idiot that should leave the casino and focus more on VTI and QQQ. Thanks if you've read this far.",0,5,2025-10-08 19:32:42,https://www.reddit.com/r/ValueInvesting/comments/1o1kjzn/opinions_on_investing_strategy/,2025-10-23 08:22:57.430902,0.6000000000000001,$GOOGL,0.6,[],"['bull', 'loss']",0.6114285714285714
GOOGL,1nvuluv,ValueInvesting,AMZN is cheaper than you think,"So I'm sure many people are looking at AMZN's P/E ratio of 33.7x and thinking that while it's more reasonable than it used to be, it's still pretty expensive. Especially when you can pickup shares of GOOGL or META at 26x. But I think a useful valuation metric to look at is the price to operating cash flow and I'll explain why. Net income is an accounting metric that includes depreciation and amortization, and it's up to the business to decide the schedule for those, meaning they can decide, for example, that the useful life of a GPU is 6 years when in reality it's probably 2 years. Another problem is that GAAP requires companies to mark to market any investments each quarter, meaning that if a company holds shares of a different company, the change in price effects net income. This is why investors run discounted cash flow models, because ultimately cash is what matters--not accounting results. The value of a business is the present value of the future cash you can extract from the business over its life. The problem with using free cash flow is that capex is part of the equation, and capex is highly variable year to year. Some years you may buy a new office building and a new warehouse and a bunch of warehouse equipment, and other years you might not buy anything. Operating cash flow removes capex from the equation which allows you to simply focus on how much cash the business actually produces from its operations. Not paper gains of a stock they hold, or because they chose to extend the useful life of their assets. Just the operations. So on a price to trailing twelve month P/OCF ratio, here are the results for the Magnificent 7 stocks: * TSLA: 91.3x * NVDA: 59.0x * AAPL: 34.9x * MSFT: 28.3x * GOOGL: 22.1x * AMZN: 19.4x * META: 17.6x Now you might think this is stupid because free cash flows are what matter. Who cares if your operating cash flow is great but you need to spend it all on capex to continue generating the cash flow? While this is true, I think it's useful to compare just the operating businesses as capex is highly variable and is a choice that doesn't need to be made in perpetuity. Now of course, AMZN is by far the most structurally capital intensive (besides TSLA? maybe?) since they actually move real stuff in the real world so that needs to be taken into consideration. Anyway, just thought I'd share. I think understanding the price you're paying relative to the cash generated by operations is useful and should be considered when evaluating a business' valuation.",254,127,2025-10-02 04:49:36,https://www.reddit.com/r/ValueInvesting/comments/1nvuluv/amzn_is_cheaper_than_you_think/,2025-10-23 08:22:57.437042,0.55,$GOOGL,0.6,[],['rally'],0.9057142857142856
GOOGL,1nz0un0,ValueInvesting,Quality Buys,"I am 19 with tech internships saved up portfolio of nearly $18,000 of high quality individual picks only with 4 months of experience (started in May 2025) in investing trying to practice stock picking so no ETFs (on purpose) even though it great. I only have EF of $2,000 invest all my income into stock market. Biggest winners (avg entry): GOOGL ($160), MU ($110), ASML ($690) Semi-winners: MRVL ($60), AMD ($130), TSM ($230), HHH ($70 - Small cap success) Semi-Flops (not necessarily loser): Amazon ($210) HM: Broadcom, I ran out of money to buy but I told all my friends that at $290-300 AVGO was undervalued against the popular sentiment, because Fundstrat & GS bought in last 13F filings. It spiked to $360 after earning call week. Recently, I have been trimming all of my holdings and taking profits. Holding roughly $5000 in buying power. I need help looking towards investing somewhat outside of tech, and definitely semi/chips industry as a whole. Right now, one stock that really does fit into this category of quality at a good price. I have to say is SPGI (SP Global). It a company that have been well-known to perform well during periods of financial easing conditions (cutting rates). The company has a wide moat that stood the test of time in quality and management. With banks having PT of $600+ ($660 I think) and a fair valuation of Morningstar at $560. Trading at $470-480 is literally charity. Again, you could say that I only crushed SP500 performance because I got lucky investing heavy into semi-equipment boom cycle I understand. So this post is no means to give financial advice, but rather receive financial advice. So I would love to hear whether you agree/disagree w me on SPGI.",0,8,2025-10-05 21:35:00,https://www.reddit.com/r/ValueInvesting/comments/1nz0un0/quality_buys/,2025-10-23 08:22:57.435027,0.55,$GOOGL,0.6,[],"['rally', 'profit']",0.7114285714285714
MSFT,1nxdjz7,stocks,Signs Are Pointing to $QBTS Quietly Building Momentum for a 2025 Breakout,"$QBTS just secured $400M through an equity raise and added a NASA partnership, which strengthens both its funding base and credibility at a time when quantum computing is shifting from theory into real-world application. Insider activity between September 12 and 15 showed seven transactions totaling about $1.52M, with 79% of that value from sales. While that kind of selling can bring short-term pressure, it is often part of normal liquidity behavior for a company scaling at this stage. Against giants like $MSFT and $IBM, $QBTS is differentiating itself by pushing harder on commercialization. With the capital raise complete and adoption trends picking up, 2025 may be the year it proves whether it can hold ground in the broader quantum race. Commercial traction is becoming clearer too, with bookings in Asia Pacific up 83%. Analysts are pointing to the stronger balance sheet and expanding customer adoption as reasons the outlook looks favorable. I actually made an entry on bitget to test the momentum but decided to exit for now and take more time to study the fundamentals before leaning in further. Curious to hear how others on this sub are reading the companyâ€™s moves. Does the raise, NASA tie-in, and growth in bookings look like the right setup for long-term strength, or do you think the insider selling signals caution? Always interested in how the community here weighs in on these kinds of plays.",2,17,2025-10-03 22:44:48,https://www.reddit.com/r/stocks/comments/1nxdjz7/signs_are_pointing_to_qbts_quietly_building/,2025-10-23 08:23:50.721214,0.55,$MSFT,0.9,"['MSFT', 'QBTS', 'IBM']",['breakout'],0.7057142857142856
AAPL,1nog6f0,investing,Weekly Semiconductor Brief - Confidence is rising,"I have an overview for myself on semiconductor companies stock prices and compare it with rest of the market and industry. I thought it might be interesting to you as well. I am open to suggestions to improvements. **Weekly overview (7 day change)** * S&P500 +1.32% * Semiconductor industry +4.23% **Winners of the week** * Synopsys SNPS 20.85% * Teradyne TER 18.65% * ACM Research ACMR 18.55% **Losers of the week** * MediaTek 2454 -10.42% * Wolfspeed WOLF -9.31% * ARM Holdings ARM -6.09% **Most traded of the week** * NVIDIA NVDA $1,051,164,049 * Intel INTC. $1,003,355,538 * Apple AAPL $423,437,422 My comments: Semiconductor industry had a strong week. Nvidiaâ€™s $5 billion investment in Intel boosted confidence in future chip collaborations, while upgrades for Applied Materials and Lam Research highlighted stronger equipment orders tied to AI and memory recovery. Teradyne also surged on reports of increased adoption of its testers by TSMC.",4,1,2025-09-23 12:35:15,https://www.reddit.com/r/investing/comments/1nog6f0/weekly_semiconductor_brief_confidence_is_rising/,2025-10-23 08:20:38.157227,0.55,$AAPL,0.8,[],[],0.7
GOOGL,1o94jfr,ValueInvesting,Is NVO a bad stock being pumped by bag holders?,"I don't generally do biotech because I've had bad experiences. Sometimes FDA approval is already priced in and then when it gets approved, the stock actually tanks. Sometimes a company gets approval but they're still years from having a full scale production ready so it tanks because of that. Sometimes they get conditional approvals. A competitor pops up and takes a large chunk of the market. There's just too many variables where unless you're super knowledgeable, it's a gamble. I see NVO being pumped on here nonstop and have been ignoring it, but decided to take a look yesterday after Trumps announcement to make weight loss drugs cheaper. This stock is down 54% in a year, meaning if I had bought at any point that this subreddit has been pumping it, I would be hagholding right now. Is NVO really an obvious value play like GOOGL at 150, or are bag holders just pumping it to try and minimize their losses on what is essentially a gamble on a drug getting approval and thats drug becoming mainstream?",47,96,2025-10-17 15:32:45,https://www.reddit.com/r/ValueInvesting/comments/1o94jfr/is_nvo_a_bad_stock_being_pumped_by_bag_holders/,2025-10-23 08:22:57.424862,0.5,$GOOGL,0.6,[],"['rally', 'loss']",0.8114285714285714
GOOGL,1nt7t36,ValueInvesting,Anyone considered selling cash secure puts on AMZN at 200?,"I have seen a lot of posts in this subreddit mentioning AMZN and how great of a value it is right now. I just recently starting investing in Nov 2024 with a simple portfolio of 70% VOO 15% GOOGL 10% UNH and 5% AMZN. I am up about 18% YTD so far, but have yet to purchase any options. Today, I was looking at the AMZN options chain on Schwab and saw a bid price of 5.40 for the Dec 200 put option. This got me thinking. I could get a premium of $540 for selling this cash secured put option and if I do get assigned the shares they would be at a cost basis of 194.60. I would not mind having 100 shares of AMZN at 194.60 in my portfolio. Has anyone else considered this strategy? What are your thoughts on it?",23,24,2025-09-29 03:31:26,https://www.reddit.com/r/ValueInvesting/comments/1nt7t36/anyone_considered_selling_cash_secure_puts_on/,2025-10-23 08:22:57.439223,0.5,$GOOGL,0.6,[],['puts'],0.8057142857142856
AAPL,1o90dnt,ValueInvesting,I own no Mag 7 companies. Anyone else in the same position? How's it going?,"To be clear, I have exposure to AAPL via Berkshire, but other than that no GOOGL, TSLA, NVDA, META, MSFT, or AMZN. I've done just find not holding these names and I'm wondering if anyone else is in the same position. If so what have you done to keep up? For me it's been natural resources/gold/silver, healthcare, and EM. Also, do you think any of these are still attractively priced? Maybe AMZN?",92,215,2025-10-17 12:48:17,https://www.reddit.com/r/ValueInvesting/comments/1o90dnt/i_own_no_mag_7_companies_anyone_else_in_the_same/,2025-10-23 08:20:59.031834,0.5,$AAPL,0.6,[],[],0.7999999999999999
GOOGL,1o212ft,investing,Is now a good time to jump into the Autonomous Vehicles? ps: no I dont choose TSLA,"I need to change something on my portfolio, some stocks dont really add up so I want to see something new. Robotaxi currently is underrated and undervalued imo. Beside Tesla, u know they are the biggest manipulation in the industry. I dont want to explain more but u see what u want to see. I saw everyone also keep mentioning GOOGL in the comment section but Im looking into something niche like WRD. On the stock side, recent reports show huge revenue growth, up fast YoY. Citigroup, BOCI, UBS sitting at Buy. Not a bad setup imo. JPMorgan, SBI Securities, Gordian Capital, all picking up small positions this year. On the press side, their partnership strategy actually diverse, NVIDIA, BOSCH, UBER, GRAB, etc. The market coverage is global too: Europe, SEA, UAEâ€¦ Iâ€™m not even sure which countries theyâ€™ll target next, but honestly with how often theyâ€™re getting new government permits and all the news heating up lately, it feels like theyâ€™re aiming for a lot more. So do you guys think now is the right time to jump in? Would really appreciate hearing some opinions on this industry.",0,6,2025-10-09 09:07:20,https://www.reddit.com/r/investing/comments/1o212ft/is_now_a_good_time_to_jump_into_the_autonomous/,2025-10-23 08:22:24.485053,0.5,$GOOGL,0.8,[],['revenue'],0.7057142857142856
AAPL,1nwywg5,investing,What are your thoughts on NTLA or NVDA,"Iâ€™m 24 and learning this shit on my own, donâ€™t come for me. Ok so, I put $300 on AEO a couple months back and had a 36.93% growth. Took my money out because it started going down and I was just testing something so didnâ€™t want to wait for the possibility of it going up again during the holiday season. Just messing around and reading about some light day trading, so thought about buying a couple shares of those two NTLA and/or NVDA with that AEO money. Read a few articles and checked the price charts, both seem pretty good based on my bare minimum knowledge about investing. Iâ€™m also NVDA for risky and maybe AAPL thatâ€™s on a slightly safer side. Any advice? fyi I also invest on VTI through my traditional brokerage account and VOO+VXUS through my Roth IRA. Of course I never touch any of it, only add more money whenever I can",0,11,2025-10-03 13:17:37,https://www.reddit.com/r/investing/comments/1nwywg5/what_are_your_thoughts_on_ntla_or_nvda/,2025-10-23 08:20:38.155427,0.5,$AAPL,0.8,[],[],0.7
MSFT,1nzu2t4,stocks,Is the AMD rocketship a sign that the AI infrastructure trade is over or just beginning?,"Chip companies and other AI infrastructure companies have discovered that they can generate 30-40% one-day jumps in their stock price by just announcing a deal with OpenAI to fund their build out. First it was MSFT and NVDA, then ORCL, PSTG, AVGO and now AMD. AMD is giving OpenAI a warrant to get a 10% piece of AMD, and todayâ€™s 30% jump in market value easily covered that giveaway to OpenAI. Whoâ€™s next? Or is this trade done? Iâ€™ve got my eye on MRVL, SMCI, TSMC in the chip space, LUMN at the edge/connectivity layer, and maybe PANW with security. I think ARM didnâ€™t get enough juice from the announcement that they were part of the initial AI pact between ORCL-OpenAI-ARM-SoftBank, but a one-on-one deal between ARM and OpenAI would deliver a big uplift to ARM. Any other good candidates?",65,45,2025-10-06 20:17:00,https://www.reddit.com/r/stocks/comments/1nzu2t4/is_the_amd_rocketship_a_sign_that_the_ai/,2025-10-23 08:23:50.720127,0.45,$MSFT,0.9,[],['rocket'],0.9057142857142856
AAPL,1nx1q6l,wallstreetbets,Upcoming plays,"*Canâ€™t predict the market this short term* Ok so I was looking for new ones since my AAPL LLY CIRCLE and FIGMA plays Spotify and Meta seem oversold IMO and META has earnings 10/29, I think their AI game/plans is 2nd best around. I think they will grab more ad rev due to it, META is very well run and I think they are cheap rn, I have shares as well. I THINK (not know) they will have a little run up up until their earnings at the end of the month! And yes I wish I held LLY, I got talked into selling them because I was up so much, I really thought they would hit 830 since Julyâ€¦",17,12,2025-10-03 15:08:14,https://i.redd.it/wrlni0x0xwsf1.jpeg,2025-10-23 08:19:53.787739,0.45,$AAPL,1.0,[],['earnings'],0.8057142857142856
AAPL,1nznuqv,stocks,What would you sell?,"Looking to sell stocks to finance my first house. I have decent positions in all these companies. Struggling to decide which to dump and which to keep. If it were your portfolio which would you keep and sell? Obviously it makes most sense to sell off tsla, but i still believe it has plenty of room to run so idk, i was considering selling some tsla and msft. Im struggling with the whole idea of it but i keep telling myself im just moving from one investment to another. What would you do? Meta (15%) Msft (8%) Tsla (41%) Googl (8%) Aapl (8%) Amzn (7%) Nvda (12%)",39,152,2025-10-06 16:27:29,https://www.reddit.com/r/stocks/comments/1nznuqv/what_would_you_sell/,2025-10-23 08:20:18.974426,0.45,$AAPL,0.9,[],[],0.7999999999999999
GOOGL,1ob8rv3,ValueInvesting,Time to rebalance auto buys?,"These are my reoccurring purchases. What would you do with these to rebalance? What would you take away or $ amounts you would change? BABA monthly buy Next on Nov 3 $500.00 â€º JD monthly buy Next on Nov 6 $800.00 â€º NVO monthly buy Next on Nov 6 $800.00 GOOGL monthly buy Next on Nov 10 $1,200.00 RKLB monthly buy Next on Nov 10 $300.00 VOO monthly buy Next on Nov 10 $500.00 VOOG monthly buy Next on Nov 10 $500.00 VTI monthly buy Next on Nov 10 $600.00 META monthly buy. $500 Next on Nov 14 AMZN monthly buy. $1,750 Next on Nov 17 $7,450 total above. SPTM $2,950 VXF $1,180 VEA $1,600 GUNR $365 VWO $795 $7,000 above Invested amount monthly: $14,450 a month. The second list of investment is made by a financial advisor related to me. I just do it with him to help him out. Thoughts on those ETFs?",13,10,2025-10-20 02:54:44,https://www.reddit.com/r/ValueInvesting/comments/1ob8rv3/time_to_rebalance_auto_buys/,2025-10-23 08:22:57.423538,0.45,$GOOGL,0.6,[],[],0.7999999999999999
AAPL,1o0vi80,stocks,LIONSGATE Studios Update,"Full Disclosure: I currently hold 775,000 shares of $LION #LIONSGATE Lionsgate Studios Post Split from $STRZ Starz. I am creating this follow-up post thanks to the many people who have direct messaged me and also followed-up on my prior post/thesis. We have seen Lionsgate move over 30% up/sideways/down over the past 12 weeks. I have not moved my position as the longer term prospect thesis remains exactly the same. There is IP, a library, and revenue that single handedly will add immense value, beyond the current market cap, to any of the major players, i.e. $SONY $NFLX $PSKY $AAPL and the list goes on. Following near-term movement of $LION, you'll see 5-10% swings on such LOW volume that it is laughable. I expect on any real news to see this stock doubling at worst. We have moved up 25% on rumors, and 25% on other company expectations with no direct correlation to $LION. Conversations ARE happening and NEWS will come. I'll stop at 1 million shares and hold until a transaction takes place. Wishing everyone gains and net positive returns!",0,18,2025-10-08 00:00:01,https://www.reddit.com/r/stocks/comments/1o0vi80/lionsgate_studios_update/,2025-10-23 08:20:18.973855,0.45,$AAPL,0.9,"['NFLX', 'SONY', 'AAPL', 'STRZ', 'PSKY', 'LION']","['volume', 'market cap', 'revenue', 'split']",0.7228571428571429
GOOGL,1oc3ycm,ValueInvesting,Value Trap - Google,"Google has often been called a value stock, but I see it as a classic value trap, especially now, for the people touting it as one. This subreddit is fixated on the company's historical dominance and massive cash flow, yet continues to fails to fully price in the risks threatening its OG business model. Google's profits: 1. Are fundamentally tied to the cost per click advertising model within search. This generates most of their money, and relies on a user being directed to a page where they are exposed to multiple ads. This is now under direct attack. Just because it is still growing, doesnâ€™t mean that itâ€™s not going to fail. It can take a long time to stop a massive, powerful train. I believe there is momentum that is having ad revenues grow, while also being cut into, and that will continue, until the train is off the rails for this portion of profits. 2. The shift toward AI is the main threat. When we use AI, even Gemini, we are seeking a single response, not a scavenger hunt across ten different websites, regardless of the sources are available. Most people are stupid and are done after the first response. If Google is forced to embed these simple AI summaries into its main search to maintain relevance, two things happen: Increased cost for AI results instead of the OG results. This means less profit for them. AND revenue loss. Google users need to click on ads decreases because their question has already been answered. This is headed towards becoming obsolete for Google (and anyoneâ€™s) most profitable ad format in history. Other issues: Googles cloud is under pricing its services and investing billions in infrastructure just to try and play catch up. Theyâ€™re going to get their lunch eaten by Azure and AWS. Waymo and other parts of this company are high risk start-up type bets and we are forced to invest in them when buying Google. Google is notorious for creating things and throwing in the towel and spending their money poorly (the opposite of Amazon - imagine if Amazon had Google cash flow, what theyâ€™d do with it. Oh wait, they wonâ€™t, because they actually know how to reinvest properly). Also, regulatory hurdles. Google has a target on its back still. People just donâ€™t like them. What are your thoughts?",0,13,2025-10-21 04:52:03,https://www.reddit.com/r/ValueInvesting/comments/1oc3ycm/value_trap_google/,2025-10-23 08:22:57.422322,0.45,$GOOGL,0.6,[],"['revenue', 'profit', 'loss']",0.7171428571428571
MSFT,1o36omg,ValueInvesting,"MAG 7 - Direction towards earnings call and long term hold, which way to go?","I have about 10k to invest and hold long term, I am already invested in GOOG, AMD, AMZN, NVDA. I jumped in AMD (long term) a couple of weeks back and got into the AI ride up. I dont understand chart, pe ratio and/or all these things, so I am here guys. With earnings at end of the month, should I add more GOOG or enter MSFT and META, not a big fan of apple myself. Or completely enter into another unexplored upcoming growth stock? Clueless which direction to go to.",9,14,2025-10-10 17:05:06,https://www.reddit.com/r/ValueInvesting/comments/1o36omg/mag_7_direction_towards_earnings_call_and_long/,2025-10-23 08:24:27.278070,0.45,$MSFT,0.6,[],"['earnings', 'pe ratio']",0.7114285714285714
GOOGL,1nongej,investing,Google and UNH shares. Sell or hold?,"Whatâ€™s everyoneâ€™s big term plan for Google and UNH? Google is driving up after winning the DOJ lawsuit and UNH was a value play that worked out well, but whatâ€™s everyoneâ€™s views on whatâ€™s a fair stock value price for these two stocks? Iâ€™ve made some gains with the two, although itâ€™s short term capital gains, and Iâ€™m wondering if I should just keep holding to see if itâ€™ll grow more or if I should sell at a profit and reinvest into s&p 500 so I can be less hands on",4,21,2025-09-23 17:19:38,https://www.reddit.com/r/investing/comments/1nongej/google_and_unh_shares_sell_or_hold/,2025-10-23 08:22:24.492642,0.45,$GOOGL,0.8,[],['profit'],0.7057142857142856
GOOGL,1o1oijz,ValueInvesting,"New to investing and I need a second opinion on LNTH, ABG and CALM","I just started this journey and people here have been very helpful in terms of giving me ideas. A few picks that I got GOOGL (some people were very skeptical but every time I looked at it looked so cheap I just had to jump in) TSM, ASML, CI (ignored all the calls for UNH). I also think GAMB is very cheap. However, there are picks that I did my own research and I already bought but just want to see what is the consensus. Just glance at them and see if they are an okay pick. Be honest as I am still learning so I would really appreciate it. LNTH - I work in healthcare and we use some of their products. On the valuation models I have looked at, the lowest price fair value is $80. PE 14, forward PE 10. ROIC >15, P/FCF 8. Fair value >$70 on my calculation. ABG - valuation models I have looked have a fair value of >$300. PE 9, forward PE 9. ROIC 7. My fair value is >$300 CALM - PE 4, PE forward 12. ROIC 43. My fair value is >110 (conservatively). What is good/bag about these three and what should I be looking for as red flags that I missed on these? Thanks.",0,6,2025-10-08 21:53:02,https://www.reddit.com/r/ValueInvesting/comments/1o1oijz/new_to_investing_and_i_need_a_second_opinion_on/,2025-10-23 08:22:57.429334,0.45,$GOOGL,0.6,[],['calls'],0.7057142857142856
GOOGL,1nu7tk2,investing,Help me cut my portfolio down,"Hi everyone, I am looking for advice on which stocks I should gradually remove from my portfolio to reduce the total number of positions. I am most attached to Nebius (NBIS), Ondas (ONDS), and Google (GOOGL), and I am willing to eliminate the rest. Also, I should mention that I am ready to hold stocks for 3+ years. Here is the full list of stocks I currently hold: * NBIS (Nebius) * ONDS (Ondas) * GOOGL (Google) * AMD * DUOL * APLD * EOSE * UNH * IREN * TSM * NVO * LLY * RKLB * SOFI * RDDT * TMDX * LMND * CIFR * ASTS * SOUN * CROX * RR * IXHL If you have any suggestions on which stocks might be less crucial to hold or good candidates for removal to simplify my portfolio, I would really appreciate your input! Thanks in advance for your help.",1,17,2025-09-30 08:36:23,https://www.reddit.com/r/investing/comments/1nu7tk2/help_me_cut_my_portfolio_down/,2025-10-23 08:22:24.487470,0.45,$GOOGL,0.8,[],[],0.7
GOOGL,1o0n4pv,ValueInvesting,Seeking Advice: Best way to invest $100K in a brokerage account?,"Iâ€™m seeking advice on how to invest $100,000 in the stock market through a taxable brokerage account. Iâ€™ve already maxed out my Roth IRA and 401(k), and this cash has been sitting in a high-yield savings account until now. Since this is a taxable account, I'm aiming for a long-term strategy, ideally holding positions for at least a year to benefit from long-term capital gains tax. Iâ€™m open to ideas around asset allocation, ETFs, individual stocks, and any other tips you may have! Here are some stocks ETFs and stocks that I've been researching: * ABAT * AMZN * ASML * CNSWF * GOOGL * GPHOF * INTU * META * MP * NBIS * NVDA * UNH * UURAF * UUUU * VOO * WWR Thanks in advance!",2,13,2025-10-07 18:34:15,https://www.reddit.com/r/ValueInvesting/comments/1o0n4pv/seeking_advice_best_way_to_invest_100k_in_a/,2025-10-23 08:22:57.433109,0.45,$GOOGL,0.6,[],[],0.7
GOOGL,1nu7sj8,ValueInvesting,Help me cut my portfolio down,"Hi everyone, I am looking for advice on which stocks I should gradually remove from my portfolio to reduce the total number of positions. I am most attached to Nebius (NBIS), Ondas (ONDS), and Google (GOOGL), and I am willing to eliminate the rest. Also, I should mention that I am ready to hold stocks for 3+ years. Here is the full list of stocks I currently hold: * NBIS (Nebius) * ONDS (Ondas) * GOOGL (Google) * AMD * DUOL * APLD * EOSE * UNH * IREN * TSM * NVO * LLY * RKLB * SOFI * RDDT * TMDX * LMND * CIFR * ASTS * SOUN * CROX * RR * IXHL If you have any suggestions on which stocks might be less crucial to hold or good candidates for removal to simplify my portfolio, I would really appreciate your input! Thanks in advance for your help.",7,6,2025-09-30 08:34:23,https://www.reddit.com/r/ValueInvesting/comments/1nu7sj8/help_me_cut_my_portfolio_down/,2025-10-23 08:22:57.437989,0.45,$GOOGL,0.6,[],[],0.7
GOOGL,1ntsp96,stocks,"OpenAI Launching Instant Checkout, Working with Etsy(+16%) and Shopify(+6%), threatening Google(-1.2%) Search's core revenue stream.","https://openai.com/index/buy-it-in-chatgpt/ One common argument on here is that Google's business model is not threatened by OpenAI, because the highest value searches (shopping related ones) are still done through Google, whereas OpenAI is capturing lower value queries. So while people turn to LLMs for general questions, they still use Google for online shopping and click on sponsored ads. Most importantly, online retailers looking to advertise to people that are directly searching for their type of product really only had Google/Yahoo/Bing as an option, and Google had the majority of market share. Today OpenAI killed this theory. OpenAI is in the process of integrating shopping directly into ChatGPT. It is still in its early stages, right now only supporting Etsy, and will soon rollout to Shopify. These platforms pay OpenAI for driving sales. CPC and CPM for Google ads are notoriously expensive, so if this goes well, expect more online retailers to implement deals with OpenAI, and cut Google ad spend as OpenAI drivers higher return on investment and such announcements boost share price. This is a much safer form of performance based advertising. Paying per click on Google ads is risky, because a click doesn't guarantee a sale. If OpenAI is charging a fee based on the final sale rather than per click, this makes marketing ROI much easier to predict.",264,130,2025-09-29 20:14:20,https://www.reddit.com/r/stocks/comments/1ntsp96/openai_launching_instant_checkout_working_with/,2025-10-23 08:22:07.036691,0.4,$GOOGL,0.9,[],"['support', 'revenue']",1.0
GOOGL,1ocxlwm,ValueInvesting,OpenAIâ€™s ChatGPT Atlas Browser Takes Direct Aim at Google Chrome ($GOOG),"OpenAI just made its biggest product move since ChatGPT: the launch of ChatGPT Atlas, a new AI-powered web browser that blends generative AI directly into search and navigation. The browser is free on macOS with Windows, iOS, and Android versions coming soon and itâ€™s already being called the first true Chrome killer. Alphabet shares fell nearly 5% intraday, wiping billions off its market cap, as investors digested what an AI-native browser could mean for Googleâ€™s core ad business. Reports also surfaced that OpenAIâ€™s valuation hit $500 billion, making it the worldâ€™s most valuable private company, while rival Anthropic entered talks with Google on a multi-billion-dollar cloud partnership. **Timeline of Todayâ€™s Events:** * 12:58 PM â€“ Bloomberg Reports OpenAI is set to unveil an AI-powered web browser, putting the ChatGPT maker in direct competition with Google. Alphabet shares start to slide ahead of the livestream. * 1:05 PM â€“ Forbes / Barronâ€™s Publish: *â€œOpenAI Launches ChatGPT Atlas â€” Alphabet Shares Fall.â€* Analysts say itâ€™s Googleâ€™s biggest competitive threat in over a decade. * 1:17 PM â€“ TechCrunch Details Atlas as an AI-driven browser built around ChatGPT, designed to handle search, summarization, and workflow automation inside one interface. * 1:27 PM â€“ Yahoo Finance Posts: *â€œGoogle Stock Falls Amid OpenAI Web Browser Launch â€” ChatGPT Advertising Next?â€* Speculation grows that OpenAI could monetize native AI ads. * 1:44 PM â€“ Unusual Whales BREAKING: *â€œOpenAI to launch its new AI web browser, ChatGPT Atlas.â€* Retail interest spikes as â€œChromeGPTâ€ trends online. * 1:46 PM â€“ Zero Hedge Writes: *â€œBrowser Wars Begun They Have â€” OpenAIâ€™s â€˜Atlasâ€™ Launch Sparks Anxiety for Alphabet.â€* * 1:59 PM â€“ WallstEngine Notes: *â€œThe new Atlas browser doesnâ€™t have a built-in ad blocker by default.â€* Analysts speculate this could signal future AI-driven ad integrations. * 3:48 PM â€“ CNBC Reports Alphabet pares some losses after OpenAI confirms a limited rollout of Atlas to early users. * 5:23 PM â€“ TechCrunch Says: *â€œOpenAIâ€™s new browser makes clear exactly how much Google has to lose in the AI era.â€* * 5:58 PM â€“ Kobeissi Letter BREAKING: *â€œOpenAI is now valued at $500 billion â€” nearly equal to Netflix and 3.5Ã— Spotify.â€* * 6:54 PM â€“ FirstSquawk Reveals: *â€œAnthropic is in early talks with Google for a cloud deal worth tens of billions.â€* Google rebounds 3.5% by close while Amazon, another Anthropic investor, slips 2%. Is this a good opportunity to pick up some Google share and play the retracement all the way back up? Price seems to have almost clawed back some of the initial drop",43,39,2025-10-22 03:28:57,https://www.reddit.com/r/ValueInvesting/comments/1ocxlwm/openais_chatgpt_atlas_browser_takes_direct_aim_at/,2025-10-23 08:22:57.420351,0.4,$GOOGL,0.6,['GOOG'],"['market cap', 'loss']",0.8114285714285714
GOOGL,1nwa6yo,ValueInvesting,FactSet - If you missed out on Google,"I'm writing to inform you that FactSet, a financial data company with a strong competitive advantage is trading at fair value. My brief thesis: * FactSet has a strong moat. The company serves institutional investors: hedge funds, asset management companies, buy-side shops, pension shops, etc... The customers either buy a FactSet terminal, or SaaS subscription. * The customer retention rate is above 90%. * Manageable debt. * Strong track record of earnings growth. * Trading at PE of 18.5 (reasonable compared to its historical average of above 25. * Revenue is still growing at a steady pace. * Risks: Primary risk is that the tool could be replaced by other AI saas products. Which is a fair fear to have, however they are so deeply integrated with customers that it will be hard to rip off FactSet and replace them with a new startup. FactSet has tons of historical data and expertise in financial data market, I would expect the management to innovate to fend off competitors. * I would like to call out that FactSet by no means is offering margin of safety like my previous investments in baba, meta, bti, and others. However it is currently trading at a fair value. * A very general example to understand FactSet: An analyst would pull the data either through api, or dashboard, transform the data with other third party and first party data to create dashboard/reports for management. What do you guys think? Are there others risks that FactSet is facing, and what do you think is FactSet's fair value?",40,61,2025-10-02 17:29:43,https://www.reddit.com/r/ValueInvesting/comments/1nwa6yo/factset_if_you_missed_out_on_google/,2025-10-23 08:22:57.436240,0.4,$GOOGL,0.6,[],"['earnings', 'revenue']",0.8114285714285714
GOOGL,1nqrx0d,investing,Mid term gains to beat ETFs?,"Iâ€™ve just started investing and could use some advice on how to allocate my money. Right now Iâ€™m aiming for about a 70/30 split between individual stocks and an ETF. Iâ€™ve already funded the ETF side, but for the stock portion Iâ€™m trying to narrow down my picks. My goal is to grow this portfolio at 15â€“20% annually (minimum) to outperform the ETF, then roll the gains back into ETFs later. I understand the risks and taxes involved, and I donâ€™t mind some volatility since Iâ€™m still learning. The main stocks Iâ€™m considering are: â€¢ AMD â€“ strong potential if they land new deals and improve their software side. â€¢ UNH â€“ looks undervalued; the investigation doesnâ€™t seem too damaging, and the stock hasnâ€™t fully corrected since the murder news. â€¢ SHOP.TO â€“ e-commerce is still growing, and last quarterâ€™s earnings beat gave it a strong rebound. Iâ€™m also keeping an eye on GOOGL and researching NVO. I suspect a larger market correction is coming eventually, but I still think thereâ€™s time to benefit from the current bullish trend. TL;DR: New investor, already in an ETF, now looking for individual stocks that can realistically return 15â€“20% yearly over the next few years. Thoughts on my picks (AMD, UNH, SHOP.TO) and any counters/alternatives?",3,9,2025-09-26 04:21:54,https://www.reddit.com/r/investing/comments/1nqrx0d/mid_term_gains_to_beat_etfs/,2025-10-23 08:22:24.491169,0.4,$GOOGL,0.8,[],"['bull', 'earnings', 'split']",0.7171428571428571
MSFT,1o2mgfe,ValueInvesting,How does my portfolio look?,"# Investments 180k AMD â€“ Advanced Micro Devices Inc * Value: $1,999.96 â†’ 1.11% of portfolio * Total Gain: +$1,371.58 (+68.58%) AMZN â€“ Amazon Inc * Value: $4,999.80 â†’ 2.87% of portfolio * Total Gain: +$191.98 (+3.83%) FTEC â€“ Fidelity MSCI Information Technology ETF * Value: $23,097.36 â†’ 12.94% of portfolio * Total Gain: +$286.51 (+1.24%) MSFT â€“ Microsoft Corp * Value: $4,999.89 â†’ 2.85% of portfolio * Total Gain: +$146.79 (+2.93%) NVDA â€“ NVIDIA Corporation Com * Value: $14,999.86 â†’ 12.07% of portfolio * Total Gain: +$6,803.10 (+45.35%) NVO â€“ Novo Nordisk A/S ADR * Value: $6,999.99 â†’ 3.87% of portfolio * Total Gain: -$2.93 (-0.05%) PLTR â€“ Palantir Technologies Inc Cl A * Value: $1,499.91 â†’ 1.15% of portfolio * Total Gain: +$573.64 (+38.24%) QQQ â€“ Invesco QQQ Tr Unit Ser 1 * Value: $28,999.33 â†’ 21.78% of portfolio * Total Gain: +$10,349.29 (+35.68%) QQQM â€“ Invesco Exch Tr Fd Tr II Nasdaq 100 ETF * Value: $3,482.67 â†’ 2.12% of portfolio * Total Gain: +$343.03 (+9.84%) VTI â€“ Vanguard Total Stock Market ETF * Value: $51,769.87 â†’ 38.48% of portfolio * Total Gain: +$17,737.17 (+34.26%)",5,22,2025-10-10 00:23:24,https://www.reddit.com/r/ValueInvesting/comments/1o2mgfe/how_does_my_portfolio_look/,2025-10-23 08:24:27.278495,0.4,$MSFT,0.6,[],[],0.7
AAPL,1nqi5hg,stocks,Excel sheet to mock portfolio???,"I have a Google/Excel sheet that has ticker symbols and an allocation percentage for each ticker (e.g. AAPL -- 2.5%) that adds up to 100%. I want to port this over to a program that will change it into a mock portfolio for me. Please note that this necessitates simulating fractional share purchases, which I have not been able to find an app that does this, paper-wise, yet. Any suggestions?",3,4,2025-09-25 20:46:26,https://www.reddit.com/r/stocks/comments/1nqi5hg/excel_sheet_to_mock_portfolio/,2025-10-23 08:20:18.975200,0.4,$AAPL,0.9,[],[],0.5
MSFT,1nzxd6j,ValueInvesting,Maybe be careful going into earnings,Nbis went to 135 and bounced off it hard and started declining. Remember that most of these companies make NO money currently and will not for a while. I think this is why there was a huge rotation back into stuff like google and msft today(part of the reason).,1,6,2025-10-06 22:21:10,https://www.reddit.com/r/ValueInvesting/comments/1nzxd6j/maybe_be_careful_going_into_earnings/,2025-10-23 08:24:27.279219,0.4,$MSFT,0.6,[],['earnings'],0.40571428571428575
GOOGL,1o3uusq,stocks,Google earnings,"Google is announcing their Q3 earnings on October 29. Their revenue is expected to be between $94 billion and $100 billion, while EPS is expected between $2,30 and $2,32. Their revenue grew 13% from Q2 2024 to Q2 2025 while EPS grew 22%. They are the only MAG7 stock that is even close to being a value investment and most of this sub holds it, I own both shares and Jan 16 â€˜26 205$ calls bought in July. This is the first ER after antitrust decision which pushed the stock down for a while. What are your thoughts?",320,79,2025-10-11 12:51:51,https://www.reddit.com/r/stocks/comments/1o3uusq/google_earnings/,2025-10-23 08:22:07.031468,0.35,$GOOGL,0.9,[],"['calls', 'earnings', 'revenue', 'eps']",1.0
GOOGL,1o3tjjf,ValueInvesting,Google earnings,"Google is announcing their Q3 earnings on October 29. Their revenue is expected to be between $94 billion and $100 billion, while EPS is expected between $2,30 and $2,32. Their revenue grew 13% from Q2 2024 to Q2 2025 while EPS grew 22%. They are the only MAG7 stock that is even close to being a value investment and most of this sub holds it, I own both shares and Jan 16 â€˜26 205$ calls bought in July. This is the first ER after antitrust decision which pushed the stock down for a while. What are your thoughts?",122,42,2025-10-11 11:46:14,https://www.reddit.com/r/ValueInvesting/comments/1o3tjjf/google_earnings/,2025-10-23 08:22:57.428737,0.35,$GOOGL,0.6,[],"['calls', 'earnings', 'revenue', 'eps']",1.0
GOOGL,1nqid8r,stocks,Meta in talks with Google to use Gemini to improve Ad targeting,"Google continuing their positive news on the AI front and one of their major rivals in the advertisement space to use their models is positive indication to the competency of their AI models. It seems there are only three major players in the AI model space - Google, OpenAI, Anthropic. Only one of them have their own infrastructure spanning across the globe own chips, strong cash flow own distribution channels (Chrome/Android) own datacenters own first hand data going back decades. Thoughts?",371,81,2025-09-25 20:55:07,https://www.reddit.com/r/stocks/comments/1nqid8r/meta_in_talks_with_google_to_use_gemini_to/,2025-10-23 08:22:07.038790,0.35,$GOOGL,0.9,[],[],0.9999999999999999
GOOGL,1npm6l9,stocks,GOOGL: Waymo for Business,"**Waymo launches corporate robotaxi accounts to court business travel** https://www.reuters.com/business/autos-transportation/waymo-launches-corporate-robotaxi-accounts-court-business-travel-2025-09-24/ ""Alphabet-owned (GOOGL.O) Waymo on Wednesday rolled out ""Waymo for Business,"" a corporate program that lets companies set up accounts so employees can hail its robotaxis in Los Angeles, Phoenix, San Francisco, Austin and Atlanta."" ""Early customers include Phoenix-based online used-car seller Carvana (CVNA.N)."" ""Waymo has been focusing on airport access to woo frequent business travelers. The company already serves Phoenix Sky Harbor and this month won approval to operate at San JosÃ© Mineta International Airport. San Francisco International Airport has granted a testing permit ahead of potential commercial service, Waymo said.""",326,91,2025-09-24 19:53:08,https://www.reddit.com/r/stocks/comments/1npm6l9/googl_waymo_for_business/,2025-10-23 08:22:07.039599,0.35,$GOOGL,0.9,[],[],0.9999999999999999
AAPL,1o39e0q,ValueInvesting,"Days like today are a reminder that AMZN is not on the same level as MSFT, NVDA, GOOG, AAPL, and META","I always see AMZN touted as a no brainer MAG 7 stock, but days like today are a friendly reminder that they are not in fact a pure software/high margin tech play as it goes without saying their large expensive retail enterprise is a massive part of the company you're buying. For better or for worse. That isn't to say AMZN is a bad company to own, but rather their business model is so vastly different than the others. And look I get AWS is a gem of a business, but as long as AWS is tied to the hip with a bloated retail enterprise, I will continue to invest elsewhere for cloud technology. I would not be shocked at all if AWS splits from AMZN if the company continues to tread water valuation wise for the next few years.",0,37,2025-10-10 18:46:38,https://www.reddit.com/r/ValueInvesting/comments/1o39e0q/days_like_today_are_a_reminder_that_amzn_is_not/,2025-10-23 08:20:59.032306,0.35,$AAPL,0.6,[],['split'],0.7057142857142856
MSFT,1nobssq,stocks,"MSFT, OpenAI and NVDA: Tightly integrated","21 Aug 2025: MSFT, OpenAI and NVDA co-authored and published this paper. **Power Stabilization for AI Training Datacenters** https://arxiv.org/abs/2508.14318 ""Power stabilization is emerging as a critical bottleneck in the continued scaling of AI training workloads. In this paper, we detailed the impact such workloads can lead to, and gave examples of the specifications needed for mitigation. We have presented a cross-stack approach that combines software-based smoothing, GPU-level controls, and rack-level energy storage, backed by real-world measurements and simulation. These techniques offer practical and immediate relief for todayâ€™s deployments."" ""The proposed solutions are rigorously tested using a combination of real hardware and Microsoftâ€™s in-house cloud power simulator, providing critical insights into the efficacy of these interventions under real-world conditions."" 18 Sep 2025: This Microsoft blog article details the NVDA GPUs for Azure. **Inside the worldâ€™s most powerful AI datacenter** https://blogs.microsoft.com/blog/2025/09/18/inside-the-worlds-most-powerful-ai-datacenter/ ""Unlike typical cloud datacenters, which are optimized to run many smaller, independent workloads such as hosting websites, email or business applications, this datacenter is built to work as one massive AI supercomputer using a single flat networking interconnecting hundreds of thousands of the latest NVIDIA GPUs."" ""Azure was the first cloud provider to bring online the NVIDIA GB200 server, rack and full datacenter clusters."" ""For the latest NVIDIA GB200 and GB300 deployments globally, at the rack level these GPUs communicate over NVLink and NVSwitch at terabytes per second, collapsing memory and bandwidth barriers."" ""These new AI datacenters are part of a global network of Azure AI datacenters, interconnected via our Wide Area Network (WAN). This isnâ€™t just about one building, itâ€™s about a distributed, resilient and scalable system that operates as a single, powerful AI machine. Our AI WAN is built with growth capabilities in AI-native bandwidth scales to enable large-scale distributed training across multiple, geographically diverse Azure regions, thus allowing customers to harness the power of a giant AI supercomputer."" 23 Sep 2025: Everyone already knows of this. **Nvidia to invest $100 billion in OpenAI, linking two artificial intelligence titans** https://www.reuters.com/business/nvidia-invest-100-billion-openai-2025-09-22/ ""Nvidia will start investing in OpenAI for non-voting shares once the deal is finalized, then OpenAI can use the cash to buy Nvidiaâ€™s chips."" ""The two companies signed a letter of intent to deploy at least 10 gigawatts of Nvidia systems for OpenAI and said they aim to finalize partnership details in the coming weeks.""",7,1,2025-09-23 08:23:56,https://www.reddit.com/r/stocks/comments/1nobssq/msft_openai_and_nvda_tightly_integrated/,2025-10-23 08:23:50.723059,0.35,$MSFT,0.9,[],[],0.7
GOOGL,1nr5u51,ValueInvesting,Google vs amazon vs nvidia - which is the best buy right now?,Please dont be lazy af and say â€œall 3 ðŸ¤“â€. I see posts on this sub talking about how amazonâ€™s the best buy now and how googleâ€™s still a good buy despite shooting up so much after the lawsuit resolution. Would love this subâ€™s opinion on which of the big 3 is the best buy right now for longterm mooning and profitability,0,94,2025-09-26 16:24:33,https://www.reddit.com/r/ValueInvesting/comments/1nr5u51/google_vs_amazon_vs_nvidia_which_is_the_best_buy/,2025-10-23 08:22:57.441294,0.35,$GOOGL,0.6,[],"['moon', 'profit']",0.6114285714285714
GOOGL,1ntpskp,stocks,"Why is this stock greyed out in google, and show 0.00% change today","Can someone help me understand this: I looked up a stock, hm.b. In google, the price chart shows up in a grey color. And the 1D change shows 0.00%. what does it mean? It is an european stock. Aslo their corresponding ADR, hnnmy, shows 0.00% change too. It usually shows a positive or negative change. Can someone please explain to me? Thank you for reading. Not sure if I need to make this post longer, so that the bot will not reject it due to low effort. Thanks.",0,5,2025-09-29 18:24:49,https://www.reddit.com/r/stocks/comments/1ntpskp/why_is_this_stock_greyed_out_in_google_and_show/,2025-10-23 08:22:07.037949,0.35,$GOOGL,0.9,[],[],0.6
GOOGL,1o9incy,ValueInvesting,Is Google still a good buy?,Is alphabet stock still a good buy in the $250 range? Thinking of investing some money in alphabet but not sure if it still has big growth ahead in comparison to other Mag 7. Thoughts?,152,123,2025-10-18 01:10:08,https://www.reddit.com/r/ValueInvesting/comments/1o9incy/is_google_still_a_good_buy/,2025-10-23 08:22:57.424610,0.35,$GOOGL,0.6,[],[],0.6
GOOGL,1nsnzem,ValueInvesting,Oracle or Google,"Hey guys, Iâ€™m interested to see your opinion which one of these two is better investment for the next 2-3 years from now? For reference, my portfolio is made of msft, nvda, amzn , aapl, nvo, panw and crm. Now I want to add another company so I was thinking between oracle and google. Already owned google and sold at 174 (stupid) and current price seems expensive to me but I also believe that there is room for progress also. What do you think, google or oracle?",2,38,2025-09-28 13:11:30,https://www.reddit.com/r/ValueInvesting/comments/1nsnzem/oracle_or_google/,2025-10-23 08:22:57.440211,0.35,$GOOGL,0.6,[],[],0.6
GOOGL,1np3ffo,ValueInvesting,Google ADX Trial,Do we need to worry about the trial? Adx generate around 15% of Alphabets total revenue anually. DOJ and 17 states are pushing for Google to divest critical parts of its ad tech business. The preceeding judge is going for a remedy trial. Google are again in this mess. Are you guys still buying? The Stock came down to $250 from $256.,2,2,2025-09-24 04:57:08,https://www.reddit.com/r/ValueInvesting/comments/1np3ffo/google_adx_trial/,2025-10-23 08:22:57.443072,0.35,$GOOGL,0.6,[],['revenue'],0.5057142857142857
GOOGL,1obl060,ValueInvesting,Google Stock,"When you see AWS is down - you buy Google. However, why is AWS stock up despite outage. This is why you will never time the market",0,5,2025-10-20 14:55:15,https://www.reddit.com/r/ValueInvesting/comments/1obl060/google_stock/,2025-10-23 08:22:57.423316,0.35,$GOOGL,0.6,[],[],0.3
GOOGL,1o3inbq,wallstreetbets,"$2,200,000 loss in one week! Thanks Google!","Well here is some loss porn for you all. My previous post was taking $10,000 to $1,500,000 in 5 months from April 3rd to September 3rd. Well I took that $1,500,000 to $3,800,000 peak this week on Monday. LOSS PORN: $3,800,000 to $1,600,000 in 4 days. Letâ€™s see what Monday brings boys. Have a great weekend behind Wendyâ€™s! Positions: 4000 contracts of 255 Google calls 10/31 and 900 contracts of 260 calls Apple 10/31. Godspeed fellow regards. This is not financial advice. I donâ€™t have money to give you nor good advice. Play at your own risk.",4566,598,2025-10-11 01:14:39,https://i.redd.it/hj072thlvduf1.jpeg,2025-10-23 08:21:41.492733,0.3,$GOOGL,1.0,[],"['calls', 'loss']",1.0
GOOGL,1nxmr8k,stocks,google is the berkshire of tech,"google is the berkshire of tech \- owns 14% of anthropic \- owns 8% of spacex \- acquired double click for $3.1b (backbone of google ads empire) \- acquired youtube for $1.65b in 2006 (worth hundreds of billions today) \- acquired android in 2005 for $50m; now the worldâ€™s most widely used os. \- acquired deepmind in 2014 for $500m, huge ai lab with almost sota models and great research team. \- runs x (the moonshot factory), incubator of radical ideas (waymo, loon, wing drones, etc.) \- through capitalg has invested in stripe, uipath, airbnb, lyft, databricks, crowdstrike, duolingo, robinhood and more",1030,124,2025-10-04 06:36:57,https://www.reddit.com/r/stocks/comments/1nxmr8k/google_is_the_berkshire_of_tech/,2025-10-23 08:22:07.034505,0.3,$GOOGL,0.9,[],['moon'],1.0
GOOGL,1ntsbua,stocks,AMZN and GOOGL's Anthropic investment paying off: MSFT adds Anthropic AI models to Copilot // Global Expansion,"**Microsoft brings Anthropic AI models to 365 Copilot, diversifies beyond OpenAI** https://www.reuters.com/business/microsoft-brings-anthropic-ai-models-365-copilot-diversifies-beyond-openai-2025-09-24/ ""Microsoft (MSFT.O) said on Wednesday it will integrate artificial intelligence models from Anthropic into its Copilot assistant, signaling the software giant's push to reduce dependence on its high-profile partnership with ChatGPT maker OpenAI."" ""Anthropicâ€™s AI models are primarily hosted on Amazon Web Services (AMZN.O), a rival to Microsoftâ€™s cloud business."" **Anthropic to triple international workforce as AI models drive growth outside US** https://www.reuters.com/business/world-at-work/anthropic-triple-international-workforce-ai-models-drive-growth-outside-us-2025-09-26/ ""Anthropic said on Friday it plans to triple its international workforce and expand its applied artificial intelligence team by fivefold this year to meet a surge in demand for its Claude AI models outside the United States."" ""The company's run-rate revenue had grown to more than $5 billion by August from about $1 billion at the beginning of the year.""",203,14,2025-09-29 20:00:16,https://www.reddit.com/r/stocks/comments/1ntsbua/amzn_and_googls_anthropic_investment_paying_off/,2025-10-23 08:22:07.037436,0.3,$GOOGL,0.9,[],['revenue'],1.0
GOOGL,1odhh7m,stocks,Everyoneâ€™s chasing NVDAï¼Œbut Google just dropped the biggest AI news of the year,"So this one really caught my eye today. Google says itâ€™s developed a new quantum algorithm called â€œQuantum Echoesâ€ that apparently runs 13,000 times faster on their quantum chip than the most advanced classical algorithms on a supercomputer. Itâ€™s not just some â€œlook how cool our tech isâ€ moment either. Theyâ€™re saying it could help map molecular structures for drug discovery and design new materials ï¼Œwhich, if true, would make this one of the first real-world quantum computing applications weâ€™ve seen so far. I still remember when they announced the â€œWillowâ€ chip last year, claiming it solved a key qubit issue. This feels like a continuation of that storyline ï¼Œone step closer to commercial use. Now, obviously, itâ€™s still early and thereâ€™s always a ton of hype around quantum anything, but it does make me wonder how this might eventually tie into AI. If quantum chips start boosting AI processing down the line, that could shake up the entire tech stack ï¼Œmaybe even how we value GOOG compared to NVDA and MSFT. For now, Iâ€™m just watching how the market reacts. Googleâ€™s been lagging behind the flashy AI names lately, but news like this could quietly shift sentiment over the next few weeks. legit breakthrough, or just another shiny headline that fades in a week?",354,120,2025-10-22 19:09:57,https://www.reddit.com/r/stocks/comments/1odhh7m/everyones_chasing_nvdabut_google_just_dropped_the/,2025-10-23 08:22:07.027429,0.3,$GOOGL,0.9,[],[],0.9999999999999999
GOOGL,1o9s1f6,stocks,Google can build AI infrastructure at 1/3rd the cost of Nvidia. Implications?,"Google is going to build the first AI data center in India, a one gigawatt facility, for $15 billion. There are local partners too. Meanwhile the OpenAI-Nvidia deal showed it costs $40 - $50 billion to build the same using Nvidia technology. Now, looking ahead, say five years, it is impossible for Nvidia to sustain growth if it costs 3X to use the technology. What are the implications for Nvidia? Link - https://blog.google/intl/en-in/company-news/our-first-ai-hub-in-india-powered-by-a-15-billion-investment/ Edit Add - At Gemini Enterprise 2.5 webcast few days ago CEO Sundar Pichai stated that Google's AI infrastructure processes 1.3 quadrillion tokens monthly. There is no comparable data from OpenAI but has to be a lot less. OpenAI's total processed tokens are just over 1 trillion. So **per month** Google processes 1300 times more than OpenAI **in three years since 2022 end**. That is huge. (hopefully I gave all the right facts). Obviously Google feels it is by far ahead and thus the flurry of circular deals in rest of the industry. Link - https://blog.google/products/google-cloud/gemini-enterprise-sundar-pichai/ https://forecaster.biz/openai-tokens-award/",1007,252,2025-10-18 10:13:18,https://www.reddit.com/r/stocks/comments/1o9s1f6/google_can_build_ai_infrastructure_at_13rd_the/,2025-10-23 08:22:07.029472,0.3,$GOOGL,0.9,[],[],0.9999999999999999
GOOGL,1o0qzn0,stocks,GOOGL: Nobel Prize in Physics awarded to Google's Quantum AI Chief Scientist,"**Googler Michel Devoret awarded the Nobel Prize in Physics** https://blog.google/inside-google/company-announcements/googler-michel-devoret-awarded-the-nobel-prize-in-physics/ ""This morning, Michel Devoret, currently at Google as Chief Scientist of Quantum Hardware on the Quantum AI team, has been awarded the 2025 Nobel Prize in Physics. The prize is for his work on macroscopic quantum effects that laid the foundation for modern superconducting qubit-based quantum computing. Michel shares the honor with John Martinis, former hardware leader at Google Quantum AI, and John Clarke of the University of California, Berkeley."" ""Michel and John's work enabled our progress so far, including the breakthrough Willow quantum chip we announced last year, and our 2019 milestone demonstrating that a quantum computer could complete a benchmark calculation impossible on a classical computer. Itâ€™s also guiding our path forward, as we progress on our hardware roadmap and advance our mission to build quantum computing for otherwise unsolvable problems."" ""The company now celebrates five Nobel laureates, including three prizes in the past two years.""",948,99,2025-10-07 20:55:38,https://www.reddit.com/r/stocks/comments/1o0qzn0/googl_nobel_prize_in_physics_awarded_to_googles/,2025-10-23 08:22:07.032945,0.3,$GOOGL,0.9,[],[],0.9999999999999999
GOOGL,1nyf9d9,stocks,"Companies in the EU are starting to look for ways to ditch Amazon, Google, and Microsoft cloud services","Running most of my infrastructure on AWS and some workloads on Azure, but lately thereâ€™s been a lot of talk about companies in the EU starting to look for ways to ditch Amazon, Google, and Microsoft cloud services because of rising security and regulatory concerns. I know OVHcloud and Deutsche Telekomâ€™s Open Telekom Cloud are being mentioned as alternatives, but they donâ€™t seem to match the scale or reliability yet. Are any European providers actually competitive with the big three? Which risk matters more here, vendor lock-in or potential US policy changes?",1707,284,2025-10-05 04:56:02,https://www.reddit.com/r/stocks/comments/1nyf9d9/companies_in_the_eu_are_starting_to_look_for_ways/,2025-10-23 08:22:07.033999,0.3,$GOOGL,0.9,[],[],0.9999999999999999
MSFT,1o2ffaw,stocks,"MSFT, NVDA and OpenAI: Microsoft Azure Unveils Worldâ€™s First NVIDIA GB300 NVL72 Supercomputing Cluster for OpenAI","https://blogs.nvidia.com/blog/microsoft-azure-worlds-first-gb300-nvl72-supercomputing-cluster-openai/ ""Microsoft Azure today announced the new NDv6 GB300 VM series, delivering the industryâ€™s first supercomputing-scale production cluster of NVIDIA GB300 NVL72 systems, purpose-built for OpenAIâ€™s most demanding AI inference workloads."" ""Todayâ€™s achievement is the result of years of deep partnership between NVIDIA and Microsoft purpose-building AI infrastructure for the worldâ€™s most demanding AI workloads and to deliver infrastructure for the next frontier of AI."" ""This latest milestone marks a big step forward in building the infrastructure that will unlock the future of AI. As Azure scales to its goal of deploying hundreds of thousands of NVIDIA Blackwell Ultra GPUs, even more innovations are poised to emerge from customers like OpenAI."" https://azure.microsoft.com/en-us/blog/microsoft-azure-delivers-the-first-large-scale-cluster-with-nvidia-gb300-nvl72-for-openai-workloads/ ""Microsoft delivers the first at-scale production cluster with more than 4,600 NVIDIA GB300 NVL72, featuring NVIDIA Blackwell Ultra GPUs connected through the next-generation NVIDIA InfiniBand network. This cluster is the first of many, as we scale to hundreds of thousands of Blackwell Ultra GPUs deployed across Microsoftâ€™s AI datacenters globally, reflecting our continued commitment to redefining AI infrastructure and collaboration with NVIDIA. The massive scale clusters with Blackwell Ultra GPUs will enable model training in weeks instead of months, delivering high throughput for inference workloads."" ""This co-engineered system delivers the worldâ€™s first at-scale GB300 production cluster, providing the supercomputing engine needed for OpenAI to serve multitrillion-parameter models. This sets the definitive new standard for accelerated computing.""",196,49,2025-10-09 19:31:08,https://www.reddit.com/r/stocks/comments/1o2ffaw/msft_nvda_and_openai_microsoft_azure_unveils/,2025-10-23 08:23:50.718917,0.3,$MSFT,0.9,[],[],0.9999999999999999
GOOGL,1nuh949,investing,"Google Finance Beta is terrible, lost my watch lists","Whenever I go to Google Finance as of today it is the BETA version. I've seen notes about in the top right I can revert to classic, but I see no ability to do so. It looks like all my watch lists are gone and overall I very much don't gain anything from this new view. Wondering if anyone knows how to revert to the classic view?",18,11,2025-09-30 16:05:09,https://www.reddit.com/r/investing/comments/1nuh949/google_finance_beta_is_terrible_lost_my_watch/,2025-10-23 08:22:24.487170,0.3,$GOOGL,0.8,[],[],0.7
GOOGL,1nzumpv,ValueInvesting,What makes Google a value investment. Whatâ€™s the intrinsic value?,From what I gather the sub is a massive fan of Goog. I donâ€™t yet know how to calculate intrinsic value so I use Chat GPT(Iâ€™m not using this to make decisions just to give me an idea.) My results have been that Google is over valued (optimist intrinsic value of 225$) so what is of value in Google and and how can we measure it? If not it just feels like speculation.,29,37,2025-10-06 20:36:51,https://www.reddit.com/r/ValueInvesting/comments/1nzumpv/what_makes_google_a_value_investment_whats_the/,2025-10-23 08:22:57.434478,0.3,$GOOGL,0.6,[],[],0.7
GOOGL,1nodjam,ValueInvesting,Can Google Become Highest Market Cap Company in the World?,Is any chance for GOOG to beat the shit of all Mega cap and rank at top positions in future? What this company has to do to achieve this kind of growth? Opinionsâ€¦. ðŸ’­,118,95,2025-09-23 10:16:37,https://www.reddit.com/r/ValueInvesting/comments/1nodjam/can_google_become_highest_market_cap_company_in/,2025-10-23 08:22:57.443592,0.3,$GOOGL,0.6,[],['market cap'],0.6057142857142856
GOOGL,1o2h300,ValueInvesting,Can the Circular AI deal bubble impact the safer AI companies like Google and Meta?,"Bloomberg created this following chart of the circular OpenAI, Nvidia and AMD deals: [https://i.postimg.cc/Gd9d10jx/AI-circle.jpg](https://i.postimg.cc/Gd9d10jx/AI-circle.jpg) How much do you think this will impact the AI market? What impact can it have on AI companies with lower P/E ratios?",4,1,2025-10-09 20:34:41,https://www.reddit.com/r/ValueInvesting/comments/1o2h300/can_the_circular_ai_deal_bubble_impact_the_safer/,2025-10-23 08:22:57.428996,0.3,$GOOGL,0.6,[],[],0.6
GOOGL,1npk0y0,ValueInvesting,Amazon - the next Google,I just want Amazon to be the next Google. Where we post about it 3-4xs a day. And it sleeps silently then one random day once Iâ€™ve acquired enough shares it pops and I can circle back to these comments and call myself the oracle of Orlando. Thanks for reading. /Serious,0,14,2025-09-24 18:30:34,https://www.reddit.com/r/ValueInvesting/comments/1npk0y0/amazon_the_next_google/,2025-10-23 08:22:57.442856,0.3,$GOOGL,0.6,[],['eps'],0.40571428571428575
GOOGL,1ocq679,wallstreetbets,"Anthropic, Google in Talks on Cloud Deal Worth Tens of Billions",,390,81,2025-10-21 21:49:31,https://www.bloomberg.com/news/articles/2025-10-21/anthropic-google-in-talks-on-cloud-deal-worth-tens-of-billions,2025-10-23 08:21:41.491034,0.3,$GOOGL,1.0,[],[],0.4
GOOGL,1ocrh2w,ValueInvesting,"Anthropic, Google in Talks on Cloud Deal Worth Tens of Billions. AMZN is down 1.5% AH",,260,33,2025-10-21 22:42:52,https://www.bloomberg.com/news/articles/2025-10-21/anthropic-google-in-talks-on-cloud-deal-worth-tens-of-billions?embedded-checkout=true,2025-10-23 08:22:57.421536,0.3,$GOOGL,0.6,[],[],0.4
