ticker,title,description,source,published_at,url,collected_at
AAPL,Apple Inc. $AAPL is OVERSEA CHINESE BANKING Corp Ltd’s 6th Largest Position,"OVERSEA CHINESE BANKING Corp Ltd boosted its position in Apple Inc. (NASDAQ:AAPL – Free Report) by 630.1% in the first quarter, HoldingsChannel.com reports. The institutional investor owned 3,428,207 shares of the iPhone maker’s stock after purchasing an addi…",ETF Daily News,2025-08-30T09:18:59Z,https://www.etfdailynews.com/2025/08/30/apple-inc-aapl-is-oversea-chinese-banking-corp-ltds-6th-largest-position/,2025-08-31 18:32:31.242436
AAPL,"Sumitomo Life Insurance Co. Acquires 15,075 Shares of Apple Inc. $AAPL","Sumitomo Life Insurance Co. lifted its holdings in shares of Apple Inc. (NASDAQ:AAPL – Free Report) by 5.5% during the 1st quarter, HoldingsChannel.com reports. The fund owned 288,715 shares of the iPhone maker’s stock after buying an additional 15,075 shares…",ETF Daily News,2025-08-30T09:18:59Z,https://www.etfdailynews.com/2025/08/30/sumitomo-life-insurance-co-acquires-15075-shares-of-apple-inc-aapl/,2025-08-31 18:32:31.242459
AAPL,Apple Inc. $AAPL Shares Purchased by SBI Securities Co. Ltd.,"SBI Securities Co. Ltd. grew its stake in shares of Apple Inc. (NASDAQ:AAPL – Free Report) by 0.2% in the first quarter, HoldingsChannel.com reports. The firm owned 501,294 shares of the iPhone maker’s stock after purchasing an additional 904 shares during th…",ETF Daily News,2025-08-30T09:18:55Z,https://www.etfdailynews.com/2025/08/30/apple-inc-aapl-shares-purchased-by-sbi-securities-co-ltd/,2025-08-31 18:32:31.242463
AAPL,Apple Inc. $AAPL Holdings Reduced by Massachusetts Financial Services Co. MA,"Massachusetts Financial Services Co. MA decreased its holdings in shares of Apple Inc. (NASDAQ:AAPL – Free Report) by 2.6% in the 1st quarter, Holdings Channel.com reports. The fund owned 25,966,650 shares of the iPhone maker’s stock after selling 687,208 sha…",ETF Daily News,2025-08-30T09:18:55Z,https://www.etfdailynews.com/2025/08/30/apple-inc-aapl-holdings-reduced-by-massachusetts-financial-services-co-ma/,2025-08-31 18:32:31.242465
AAPL,Dakota Wealth Management Decreases Position in Apple Inc. $AAPL,"Dakota Wealth Management trimmed its stake in Apple Inc. (NASDAQ:AAPL – Free Report) by 0.3% during the 1st quarter, according to the company in its most recent disclosure with the Securities and Exchange Commission. The fund owned 668,030 shares of the iPhon…",ETF Daily News,2025-08-30T09:18:50Z,https://www.etfdailynews.com/2025/08/30/dakota-wealth-management-decreases-position-in-apple-inc-aapl/,2025-08-31 18:32:31.242468
AAPL,Firestone Capital Management Grows Stake in Apple Inc. $AAPL,"Firestone Capital Management grew its holdings in Apple Inc. (NASDAQ:AAPL – Free Report) by 0.6% in the 1st quarter, HoldingsChannel reports. The institutional investor owned 17,252 shares of the iPhone maker’s stock after acquiring an additional 103 shares d…",ETF Daily News,2025-08-30T09:18:49Z,https://www.etfdailynews.com/2025/08/30/firestone-capital-management-grows-stake-in-apple-inc-aapl/,2025-08-31 18:32:31.242471
AAPL,Show HN: Datacmd – Terminal-native dashboards from CSV/API in one command,"Hi HN,I built Datacmd to eliminate bloated dashboards and browser UIs. It turns any CSV, JSON, API feed into live, terminal-native dashboards with one command. Fast. Minimal. Developer-centric. AND IT'S OPEN SOURCE
https://github.com/VincenzoManto/datacmdWhat…",Github.com,2025-08-30T08:46:27Z,https://github.com/VincenzoManto/Datacmd,2025-08-31 18:32:31.242475
AAPL,Pioneer Trust Bank N A OR Cuts Holdings in Apple Inc. $AAPL,"Pioneer Trust Bank N A OR lowered its position in shares of Apple Inc. (NASDAQ:AAPL – Free Report) by 1.7% in the 1st quarter, HoldingsChannel.com reports. The institutional investor owned 117,487 shares of the iPhone maker’s stock after selling 1,979 shares …",ETF Daily News,2025-08-30T07:44:59Z,https://www.etfdailynews.com/2025/08/30/pioneer-trust-bank-n-a-or-cuts-holdings-in-apple-inc-aapl/,2025-08-31 18:32:31.242478
AAPL,Fortress Financial Solutions LLC Increases Stake in Apple Inc. $AAPL,"Fortress Financial Solutions LLC increased its holdings in shares of Apple Inc. (NASDAQ:AAPL – Free Report) by 4.3% in the 1st quarter, according to its most recent disclosure with the Securities and Exchange Commission. The fund owned 17,422 shares of the iP…",ETF Daily News,2025-08-30T07:44:54Z,https://www.etfdailynews.com/2025/08/30/fortress-financial-solutions-llc-increases-stake-in-apple-inc-aapl/,2025-08-31 18:32:31.242481
AAPL,"Cohen Capital Management Inc. Sells 2,100 Shares of Apple Inc. $AAPL","Cohen Capital Management Inc. cut its position in Apple Inc. (NASDAQ:AAPL – Free Report) by 16.1% during the 1st quarter, HoldingsChannel.com reports. The institutional investor owned 10,905 shares of the iPhone maker’s stock after selling 2,100 shares during…",ETF Daily News,2025-08-30T07:44:50Z,https://www.etfdailynews.com/2025/08/30/cohen-capital-management-inc-sells-2100-shares-of-apple-inc-aapl/,2025-08-31 18:32:31.242484
AAPL,Trail Ridge Investment Advisors LLC Trims Stake in Apple Inc. $AAPL,"Trail Ridge Investment Advisors LLC cut its position in shares of Apple Inc. (NASDAQ:AAPL – Free Report) by 6.5% during the 1st quarter, according to its most recent disclosure with the Securities and Exchange Commission (SEC). The fund owned 53,636 shares of…",ETF Daily News,2025-08-30T07:44:49Z,https://www.etfdailynews.com/2025/08/30/trail-ridge-investment-advisors-llc-trims-stake-in-apple-inc-aapl/,2025-08-31 18:32:31.242487
AAPL,Apple Inc. $AAPL is Sigma Planning Corp’s 2nd Largest Position,"Sigma Planning Corp boosted its holdings in Apple Inc. (NASDAQ:AAPL – Free Report) by 0.1% in the first quarter, according to its most recent filing with the SEC. The institutional investor owned 694,515 shares of the iPhone maker’s stock after buying an addi…",ETF Daily News,2025-08-30T07:44:49Z,https://www.etfdailynews.com/2025/08/30/apple-inc-aapl-is-sigma-planning-corps-2nd-largest-position/,2025-08-31 18:32:31.242490
AAPL,Best Retail Stocks To Watch Now – August 28th,"Tesla, Walgreens Boots Alliance, Apple, Amazon.com, Microsoft, UnitedHealth Group, and Micron Technology are the seven Retail stocks to watch today, according to MarketBeat’s stock screener tool. Retail stocks are shares of publicly traded companies whose pri…",ETF Daily News,2025-08-30T07:04:56Z,https://www.etfdailynews.com/2025/08/30/best-retail-stocks-to-watch-now-august-28th/,2025-08-31 18:32:31.242493
AAPL,AmazonスマイルSALEで、Twelve SouthのBluetoothトランスミッター「AirFly Pro 2」やQi2ワイヤレス充電器「ButterFly SE」などが特別価格で販売中。,"AmazonスマイルSALEで、Twelve SouthのBluetoothトランスミッター「AirFly Pro 2」やQi2ワイヤレス充電器「ButterFly SE」などが特別価格で販売されています。詳細は以下か […]
The post AmazonスマイルSALEで、Twelve SouthのBluetoothトランスミッター「AirFly Pro 2」やQi2ワイヤレス充電器「ButterFly SE」などが特別価格で販売中。 first appeared on AAPL Ch..",Applech2.com,2025-08-30T05:46:55Z,https://applech2.com/archives/20250830-amazon-twelve-south-smile-sale.html,2025-08-31 18:32:31.242496
AAPL,MacのTouch IDを利用したHome Screen+の解除やiPhoneにXiaomiスマートフォンの通知を表示する、iPadととのXiaomiスマートフォン接続などに対応した「Xiaomi interconnectivity v2.0」がリリース。,"MacのTouch IDを利用したHome Screen+の解除やiPhoneにXiaomiスマートフォンの通知を表示する、iPadととのXiaomiスマートフォン接続などに対応した「Xiaomi interconne […]
The post MacのTouch IDを利用したHome Screen+の解除やiPhoneにXiaomiスマートフォンの通知を表示する、iPadととのXiaomiスマートフォン接続などに対応した「Xiaomi interconnectivity v2.0」がリリース。 first a…",Applech2.com,2025-08-30T04:53:39Z,https://applech2.com/archives/20250830-xiaomi-interconnectivity-v2.html,2025-08-31 18:32:31.242499
AAPL,3 excellent ASX ETFs for beginners in September,"These funds could be worth a look if you're planning your first investments and don't know where to put your money.
The post 3 excellent ASX ETFs for beginners in September appeared first on The Motley Fool Australia.",Motley Fool Australia,2025-08-30T01:13:00Z,https://www.fool.com.au/2025/08/30/3-excellent-asx-etfs-for-beginners-in-september/,2025-08-31 18:32:31.242501
AAPL,"Apple Inc. (AAPL): The AI “Will Come Into Play Soon,” Says Jim Cramer",We recently published Jim Cramer Said AI Is A “Souped-Up Google” As He Discussed These 11 Stocks. Apple Inc. (NASDAQ:AAPL) is one of the stocks Jim Cramer...,Yahoo Entertainment,2025-08-29T21:46:08Z,https://finance.yahoo.com/news/apple-inc-aapl-ai-come-214608795.html,2025-08-31 18:32:31.242503
AAPL,Podcast links: resetting your career,"Listening
Spotify ($SPOT) is adding DMs. (theverge.com)
Narrative podcasts have been eclipsed in popular culture. (rollingstone.com)
Apple ($AAPL) is going to offer up its music stations outside of its ecosystem. (wsj.com)
A Q&A with David Senra, host of The …",Biztoc.com,2025-08-29T14:05:44Z,https://biztoc.com/x/ee3aa8874fa0585e,2025-08-31 18:32:31.242505
AAPL,How Is Alphabet's Stock Performance Compared to Other Internet Stocks?,"Alphabet has underperformed the Internet industry over the past year, but analysts are highly optimistic about the stock’s prospects.",Barchart.com,2025-08-29T14:05:25Z,https://www.barchart.com/story/news/34482431/how-is-alphabet-s-stock-performance-compared-to-other-internet-stocks,2025-08-31 18:32:31.242508
AAPL,"What the interns have wrought, 2025","Yet again, we’re at the end of our internship season, and so it’s time to summarize whatthe interns were up to!",Janestreet.com,2025-08-29T10:15:58Z,https://blog.janestreet.com/wrought-2025/,2025-08-31 18:32:31.242511
GOOGL,Best Healthcare Stocks To Consider – August 28th,"Walgreens Boots Alliance, Alphabet, UnitedHealth Group, Oracle, and ServiceNow are the five Healthcare stocks to watch today, according to MarketBeat’s stock screener tool. Healthcare stocks are shares of companies operating in the medical and health services…",ETF Daily News,2025-08-30T06:33:01Z,https://www.etfdailynews.com/2025/08/30/best-healthcare-stocks-to-consider-august-28th/,2025-08-31 18:32:32.529560
GOOGL,Google's Pixel 10 sets AI bar for smartphones - Axios,Google's Pixel 10 sets AI bar for smartphonesAxios What’s New With Alphabet Inc’s (GOOGL) Pixel Smartphones?Yahoo Finance Alphabet Expands Pixel Portfolio: Is it the Next Revenue Pillar?Zacks Investment Research Google’s New My Pixel App Arrives for Pixel 10 …,Slashdot.org,2025-08-30T06:12:20Z,https://slashdot.org/firehose.pl?op=view&amp;id=178941060,2025-08-31 18:32:32.529591
GOOGL,What’s New With Alphabet Inc’s (GOOGL) Pixel Smartphones?,"Alphabet Inc. (NASDAQ:GOOGL) is one of the Stocks That Will Make You Rich In 5 Years. On August 20, Alphabet Inc. (NASDAQ:GOOGL) launched new Pixel...",Yahoo Entertainment,2025-08-29T19:13:05Z,https://finance.yahoo.com/news/alphabet-inc-googl-pixel-smartphones-191305938.html,2025-08-31 18:32:32.529593
GOOGL,Should You Buy the Post-Earnings Plunge in Marvell Stock?,Marvell stock tumbles as the chipmaker misses expectations for Q2 data center revenue and future guidance. A JPMorgan analyst recommends buying the post...,Barchart.com,2025-08-29T18:32:40Z,https://www.barchart.com/story/news/34488330/should-you-buy-the-post-earnings-plunge-in-marvell-stock,2025-08-31 18:32:32.529595
GOOGL,Google’s new blockchain ledger is set to compete with XRPL,"One of the world's largest tech companies may soon be able to compete directly with XRP, the third most valuable digital asset globally.
Alphabet (GOOGL) has announced its Google Cloud Universal Ledger (GCUL), a blockchain platform that will be available to b…",Biztoc.com,2025-08-29T18:01:58Z,https://biztoc.com/x/87e3c27ca391292d,2025-08-31 18:32:32.529596
GOOGL,Google’s new blockchain ledger is set to compete with XRPL,Google's 2026 ledger takes aim at Ripple’s XRPL with CME-backed trials.,TheStreet,2025-08-29T17:14:51Z,https://www.thestreet.com/crypto/innovation/googles-blockchain-ledger-mirrors-ripples-playbook,2025-08-31 18:32:32.529598
GOOGL,How Is Alphabet's Stock Performance Compared to Other Internet Stocks?,"Alphabet has underperformed the Internet industry over the past year, but analysts are highly optimistic about the stock’s prospects.",Barchart.com,2025-08-29T14:05:25Z,https://www.barchart.com/story/news/34482431/how-is-alphabet-s-stock-performance-compared-to-other-internet-stocks,2025-08-31 18:32:32.529599
GOOGL,Space Stocks To Consider – August 27th,"Alphabet, Berkshire Hathaway, and Boeing are the three Space stocks to watch today, according to MarketBeat’s stock screener tool. Space stocks are publicly traded shares of companies whose core businesses involve space-related activities—ranging from satelli…",ETF Daily News,2025-08-29T07:12:52Z,https://www.etfdailynews.com/2025/08/29/space-stocks-to-consider-august-27th/,2025-08-31 18:32:32.529600
GOOGL,Alphabet (GOOGL) Draws Bullish View from Goldman Amid AI Strategy Execution,"Alphabet Inc. (NASDAQ:GOOGL) is one of the most profitable tech stocks to invest in now. On August 21, Goldman Sachs analyst Eric Sheridan reiterated a Buy...",Yahoo Entertainment,2025-08-29T04:26:49Z,https://finance.yahoo.com/news/alphabet-googl-draws-bullish-view-042649153.html,2025-08-31 18:32:32.529602
GOOGL,"Alphabet Inc. (NASDAQ:GOOGL): Waymo Receives First Permit to Start Testing AVs in New York City, Reports Reuters","Alphabet Inc. (NASDAQ:GOOGL) is one of the Top Technology Stocks to Buy According to Hedge Funds. On August 22, Reuters reported that Alphabet Inc...",Yahoo Entertainment,2025-08-29T04:14:10Z,https://finance.yahoo.com/news/alphabet-inc-nasdaq-googl-waymo-041410738.html,2025-08-31 18:32:32.529603
GOOGL,"Big Tech investment powers Nvidia results, but Wall Street says 'inevitable' slowdown looms",Big Tech's massive AI investments continued to fuel Nvidia's rapidly growing data center business this quarter — but Wall Street is flagging the risk of a...,Yahoo Entertainment,2025-08-28T19:33:00Z,https://finance.yahoo.com/news/big-tech-investment-powers-nvidia-results-but-wall-street-says-inevitable-slowdown-looms-193300481.html,2025-08-31 18:32:32.529604
GOOGL,"Dear Apple Stock Fans, Mark Your Calendars for September 9","While Apple fans circle Sept. 9 for the iPhone 17 reveal, Wall Street’s cautious tone keeps expectations in check.",Barchart.com,2025-08-28T19:06:31Z,https://www.barchart.com/story/news/34460676/dear-apple-stock-fans-mark-your-calendars-for-september-9,2025-08-31 18:32:32.529605
GOOGL,A $10 Billion Reason to Buy Google Stock Now,Google has just inked a $10 billion deal with one of its Magnificent 7 rivals.,Barchart.com,2025-08-28T18:22:33Z,https://www.barchart.com/story/news/34460065/a-10-billion-reason-to-buy-google-stock-now,2025-08-31 18:32:32.529606
GOOGL,Analysts Think This Hidden-Gem AI Stock Can Soar 50% From Here,Analysts see Workday as an overlooked AI powerhouse with the potential to rally significantly from current levels.,Barchart.com,2025-08-28T18:16:36Z,https://www.barchart.com/story/news/34459994/analysts-think-this-hidden-gem-ai-stock-can-soar-50-from-here,2025-08-31 18:32:32.529608
GOOGL,"Palantir’s Rally Cools a Bit, But Is This Dip a Buying Opportunity?","Even with the recent pullback, Palantir remains the year’s best performer in the S&P 500. Palantir’s price-sales ratio has skyrocketed and dwarfs its peers.",Barchart.com,2025-08-28T17:10:47Z,https://www.barchart.com/story/news/34458947/palantirs-rally-cools-a-bit-but-is-this-dip-a-buying-opportunity,2025-08-31 18:32:32.529609
GOOGL,Citizens JMP Reiterates Market Outperform on Alphabet (GOOGL) With $225 PT,"Alphabet Inc. (NASDAQ:GOOGL) is one of the AI Stocks Analysts Say You Shouldn’t Ignore. On August 25, Citizens JMP analyst Andrew Boone reiterated a Market Outperform rating on the stock with a $225.00 price target. The firm talked about a recent update to Go…",Biztoc.com,2025-08-28T15:02:05Z,https://biztoc.com/x/7a1e21411cd64863,2025-08-31 18:32:32.529610
GOOGL,Snowflake Stock Scores a New Street-High Price Target After Beat & Raise Earnings,"SNOW stock hit a new 52-week high this morning after earnings, and Wall Street analysts think the stock can keep rising.",Barchart.com,2025-08-28T14:48:32Z,https://www.barchart.com/story/news/34455036/snowflake-stock-scores-a-new-street-high-price-target-after-beat-raise-earnings,2025-08-31 18:32:32.529611
GOOGL,Wall Street Largely Cheers Nvidia's Outlook Even as China Remains an Overhang,"AI chipmaker Nvidia’s projection for record third-quarter revenue was met with a bullish reception from analysts including Morgan Stanley and UBS, even as...",Investopedia,2025-08-28T12:13:12Z,https://www.investopedia.com/wall-street-largely-cheers-nvidias-outlook-even-as-china-remains-an-overhang-11799339,2025-08-31 18:32:32.529616
GOOGL,Best Cybersecurity Stocks Worth Watching – August 25th,"Alphabet, CrowdStrike, Palo Alto Networks, Fortinet, Dell Technologies, Bullish, and QXO are the seven Cybersecurity stocks to watch today, according to MarketBeat’s stock screener tool. Cybersecurity stocks are shares of publicly traded companies that develo…",ETF Daily News,2025-08-28T08:20:58Z,https://www.etfdailynews.com/2025/08/28/best-cybersecurity-stocks-worth-watching-august-25th/,2025-08-31 18:32:32.529617
GOOGL,Technology Stocks Worth Watching – August 25th,"NVIDIA, Palantir Technologies, Microsoft, Advanced Micro Devices, Alphabet, Apple, and Meta Platforms are the seven Technology stocks to watch today, according to MarketBeat’s stock screener tool. Technology stocks are shares of publicly traded companies that…",ETF Daily News,2025-08-28T08:06:51Z,https://www.etfdailynews.com/2025/08/28/technology-stocks-worth-watching-august-25th/,2025-08-31 18:32:32.529618
MSFT,Microsoft Corporation $MSFT Shares Acquired by Apollon Financial LLC,"Apollon Financial LLC boosted its stake in Microsoft Corporation (NASDAQ:MSFT – Free Report) by 1.9% in the first quarter, HoldingsChannel reports. The firm owned 35,616 shares of the software giant’s stock after buying an additional 670 shares during the per…",ETF Daily News,2025-08-30T09:18:58Z,https://www.etfdailynews.com/2025/08/30/microsoft-corporation-msft-shares-acquired-by-apollon-financial-llc/,2025-08-31 18:32:32.971871
MSFT,Lokken Investment Group LLC Reduces Position in Microsoft Corporation $MSFT,"Lokken Investment Group LLC lessened its position in shares of Microsoft Corporation (NASDAQ:MSFT – Free Report) by 4.1% during the first quarter, HoldingsChannel reports. The institutional investor owned 12,802 shares of the software giant’s stock after sell…",ETF Daily News,2025-08-30T09:18:55Z,https://www.etfdailynews.com/2025/08/30/lokken-investment-group-llc-reduces-position-in-microsoft-corporation-msft/,2025-08-31 18:32:32.971883
MSFT,Show HN: Datacmd – Terminal-native dashboards from CSV/API in one command,"Hi HN,I built Datacmd to eliminate bloated dashboards and browser UIs. It turns any CSV, JSON, API feed into live, terminal-native dashboards with one command. Fast. Minimal. Developer-centric. AND IT'S OPEN SOURCE
https://github.com/VincenzoManto/datacmdWhat…",Github.com,2025-08-30T08:46:27Z,https://github.com/VincenzoManto/Datacmd,2025-08-31 18:32:32.971885
MSFT,Microsoft Corporation (NASDAQ:MSFT) Receives $612.54 Average Price Target from Brokerages,"Microsoft Corporation (NASDAQ:MSFT – Get Free Report) has been given an average rating of “Moderate Buy” by the thirty-two brokerages that are presently covering the firm, MarketBeat.com reports. Two analysts have rated the stock with a hold rating, twenty-ni…",ETF Daily News,2025-08-30T08:28:51Z,https://www.etfdailynews.com/2025/08/30/microsoft-corporation-nasdaqmsft-receives-612-54-average-price-target-from-brokerages/,2025-08-31 18:32:32.971887
MSFT,Leo Wealth LLC Trims Stock Holdings in Microsoft Corporation $MSFT,"Leo Wealth LLC reduced its stake in Microsoft Corporation (NASDAQ:MSFT – Free Report) by 61.3% during the 1st quarter, according to its most recent Form 13F filing with the Securities & Exchange Commission. The institutional investor owned 16,730 shares of th…",ETF Daily News,2025-08-30T07:44:59Z,https://www.etfdailynews.com/2025/08/30/leo-wealth-llc-trims-stock-holdings-in-microsoft-corporation-msft/,2025-08-31 18:32:32.971889
MSFT,Microsoft Corporation $MSFT Shares Sold by Prepared Retirement Institute LLC,"Prepared Retirement Institute LLC lessened its holdings in shares of Microsoft Corporation (NASDAQ:MSFT – Free Report) by 7.1% during the 1st quarter, according to its most recent 13F filing with the SEC. The institutional investor owned 5,251 shares of the s…",ETF Daily News,2025-08-30T07:44:59Z,https://www.etfdailynews.com/2025/08/30/microsoft-corporation-msft-shares-sold-by-prepared-retirement-institute-llc/,2025-08-31 18:32:32.971891
MSFT,"Edgestream Partners L.P. Sells 11,544 Shares of Microsoft Corporation $MSFT","Edgestream Partners L.P. trimmed its holdings in shares of Microsoft Corporation (NASDAQ:MSFT – Free Report) by 21.1% during the 1st quarter, according to its most recent disclosure with the Securities and Exchange Commission (SEC). The fund owned 43,198 shar…",ETF Daily News,2025-08-30T07:44:58Z,https://www.etfdailynews.com/2025/08/30/edgestream-partners-l-p-sells-11544-shares-of-microsoft-corporation-msft/,2025-08-31 18:32:32.971893
MSFT,Slow Capital Inc. Boosts Stake in Microsoft Corporation $MSFT,"Slow Capital Inc. increased its stake in Microsoft Corporation (NASDAQ:MSFT – Free Report) by 1.2% during the first quarter, Holdings Channel.com reports. The firm owned 17,605 shares of the software giant’s stock after purchasing an additional 202 shares dur…",ETF Daily News,2025-08-30T07:44:55Z,https://www.etfdailynews.com/2025/08/30/slow-capital-inc-boosts-stake-in-microsoft-corporation-msft/,2025-08-31 18:32:32.971923
MSFT,Red Wave Investments LLC Sells 49 Shares of Microsoft Corporation $MSFT,"Red Wave Investments LLC decreased its position in Microsoft Corporation (NASDAQ:MSFT – Free Report) by 0.6% during the 1st quarter, HoldingsChannel reports. The fund owned 8,229 shares of the software giant’s stock after selling 49 shares during the quarter.…",ETF Daily News,2025-08-30T07:44:52Z,https://www.etfdailynews.com/2025/08/30/red-wave-investments-llc-sells-49-shares-of-microsoft-corporation-msft/,2025-08-31 18:32:32.971933
MSFT,Microsoft Corporation $MSFT Shares Purchased by Catalyst Financial Partners LLC,"Catalyst Financial Partners LLC boosted its position in Microsoft Corporation (NASDAQ:MSFT – Free Report) by 2.9% in the first quarter, according to its most recent disclosure with the Securities and Exchange Commission (SEC). The firm owned 42,028 shares of …",ETF Daily News,2025-08-30T07:44:49Z,https://www.etfdailynews.com/2025/08/30/microsoft-corporation-msft-shares-purchased-by-catalyst-financial-partners-llc/,2025-08-31 18:32:32.971935
MSFT,"Bogart Wealth LLC Buys 5,523 Shares of Microsoft Corporation $MSFT","Bogart Wealth LLC boosted its stake in shares of Microsoft Corporation (NASDAQ:MSFT – Free Report) by 8.4% during the 1st quarter, HoldingsChannel reports. The fund owned 71,061 shares of the software giant’s stock after purchasing an additional 5,523 shares …",ETF Daily News,2025-08-30T07:44:49Z,https://www.etfdailynews.com/2025/08/30/bogart-wealth-llc-buys-5523-shares-of-microsoft-corporation-msft/,2025-08-31 18:32:32.971936
MSFT,Best Retail Stocks To Watch Now – August 28th,"Tesla, Walgreens Boots Alliance, Apple, Amazon.com, Microsoft, UnitedHealth Group, and Micron Technology are the seven Retail stocks to watch today, according to MarketBeat’s stock screener tool. Retail stocks are shares of publicly traded companies whose pri…",ETF Daily News,2025-08-30T07:04:56Z,https://www.etfdailynews.com/2025/08/30/best-retail-stocks-to-watch-now-august-28th/,2025-08-31 18:32:32.971942
MSFT,3 excellent ASX ETFs for beginners in September,"These funds could be worth a look if you're planning your first investments and don't know where to put your money.
The post 3 excellent ASX ETFs for beginners in September appeared first on The Motley Fool Australia.",Motley Fool Australia,2025-08-30T01:13:00Z,https://www.fool.com.au/2025/08/30/3-excellent-asx-etfs-for-beginners-in-september/,2025-08-31 18:32:32.971975
MSFT,"Everyoone Thinks Microsoft Corporation (MSFT) Spent More And Accelerated Its AI Business, Says Jim Cramer",We recently published Jim Cramer Said AI Is A “Souped-Up Google” As He Discussed These 11 Stocks. Microsoft Corporation (NASDAQ:MSFT) is one of the stocks...,Yahoo Entertainment,2025-08-29T21:45:09Z,https://finance.yahoo.com/news/everyoone-thinks-microsoft-corporation-msft-214509528.html,2025-08-31 18:32:32.971978
MSFT,What Does Wall Street Think About Microsoft Corporation (MSFT)?,Microsoft Corporation (NASDAQ:MSFT) is one of the Stocks That Will Make You Rich In 5 Years. Wall Street is bullish on the stock after the company topped...,Yahoo Entertainment,2025-08-29T19:13:02Z,https://finance.yahoo.com/news/does-wall-street-think-microsoft-191302425.html,2025-08-31 18:32:32.971979
MSFT,"Ulta (ULTA) Stock Trades Down, Here Is Why","Shares of beauty, cosmetics, and personal care retailer Ulta Beauty (NASDAQ:ULTA) fell 6.6% in the afternoon session after it gave back a portion of the...",Yahoo Entertainment,2025-08-29T18:40:41Z,https://finance.yahoo.com/news/ulta-ulta-stock-trades-down-184041749.html,2025-08-31 18:32:32.971981
MSFT,Is Oracle Stock Outperforming the Nasdaq?,"As Oracle has considerably outperformed the Nasdaq recently, analysts remain moderately optimistic about the stock’s prospects.",Barchart.com,2025-08-29T14:13:12Z,https://www.barchart.com/story/news/34482719/is-oracle-stock-outperforming-the-nasdaq,2025-08-31 18:32:32.971982
MSFT,"Stock market today: Dow, S&P 500, Nasdaq fall from records after PCE inflation data",Wall Street digested new data on inflation following a record-breaking day for markets.,Yahoo Entertainment,2025-08-29T13:38:00Z,https://finance.yahoo.com/news/live/stock-market-today-dow-sp-500-nasdaq-fall-from-records-after-pce-inflation-data-133800228.html,2025-08-31 18:32:32.971983
MSFT,Is Microsoft Stock Outperforming the S&P 500?,"Microsoft has outperformed the S&P 500 over the past year, and analysts are highly optimistic about the stock’s prospects.",Barchart.com,2025-08-29T12:46:17Z,https://www.barchart.com/story/news/34479898/is-microsoft-stock-outperforming-the-s-p-500,2025-08-31 18:32:32.971985
MSFT,"What the interns have wrought, 2025","Yet again, we’re at the end of our internship season, and so it’s time to summarize whatthe interns were up to!",Janestreet.com,2025-08-29T10:15:58Z,https://blog.janestreet.com/wrought-2025/,2025-08-31 18:32:32.971986
TSLA,Best Automotive Stocks To Consider – August 28th,"NVIDIA, Tesla, Micron Technology, Taiwan Semiconductor Manufacturing, Costco Wholesale, Salesforce, and Bank of America are the seven Automotive stocks to watch today, according to MarketBeat’s stock screener tool. Automotive stocks are equity shares in publi…",ETF Daily News,2025-08-30T09:18:59Z,https://www.etfdailynews.com/2025/08/30/best-automotive-stocks-to-consider-august-28th/,2025-08-31 18:32:34.305872
TSLA,"Tesla Stock 'Engineered, Not Earned,' Says Gordon Johnson As Call Buying Surge Drives Put-To-Call Ratio Down","Tesla Inc. (NASDAQ:TSLA) stock manipulation claims surface as analyst Gordon Johnson points to aggressive options trading amid mounting company challenges and declining global market share.
Check out the current price of TSLA stock here. 
Analyst Claims Optio…",Biztoc.com,2025-08-30T08:47:17Z,https://biztoc.com/x/065d51de9ea11f0b,2025-08-31 18:32:34.305887
TSLA,Promising Solar Stocks To Watch Today – August 28th,"Tesla, Berkshire Hathaway, and GE Vernova are the three Solar stocks to watch today, according to MarketBeat’s stock screener tool. Solar stocks are shares of publicly traded companies that develop, manufacture, install, or finance solar energy technologies a…",ETF Daily News,2025-08-30T07:43:05Z,https://www.etfdailynews.com/2025/08/30/promising-solar-stocks-to-watch-today-august-28th/,2025-08-31 18:32:34.305889
TSLA,Best Retail Stocks To Watch Now – August 28th,"Tesla, Walgreens Boots Alliance, Apple, Amazon.com, Microsoft, UnitedHealth Group, and Micron Technology are the seven Retail stocks to watch today, according to MarketBeat’s stock screener tool. Retail stocks are shares of publicly traded companies whose pri…",ETF Daily News,2025-08-30T07:04:56Z,https://www.etfdailynews.com/2025/08/30/best-retail-stocks-to-watch-now-august-28th/,2025-08-31 18:32:34.305891
TSLA,Promising Industrial Stocks To Add to Your Watchlist – August 28th,"Tesla, Broadcom, Micron Technology, Union Pacific, Texas Instruments, Vertiv, and Lumentum are the seven Industrial stocks to watch today, according to MarketBeat’s stock screener tool. Industrial stocks are shares of companies involved in the production, dis…",ETF Daily News,2025-08-30T06:33:02Z,https://www.etfdailynews.com/2025/08/30/promising-industrial-stocks-to-add-to-your-watchlist-august-28th/,2025-08-31 18:32:34.305893
TSLA,Promising Energy Stocks To Research – August 28th,"Tesla, Broadcom, AltC Acquisition, Oklo, GE Vernova, Vertiv, and Palo Alto Networks are the seven Energy stocks to watch today, according to MarketBeat’s stock screener tool. Energy stocks are shares of companies involved in the exploration, production, proce…",ETF Daily News,2025-08-30T06:32:53Z,https://www.etfdailynews.com/2025/08/30/promising-energy-stocks-to-research-august-28th/,2025-08-31 18:32:34.305895
TSLA,"Tesla, Inc. (TSLA) “Is A Terrific Buy Here,” Says Jim Cramer","We recently published 12 Stocks Jim Cramer Discussed As He Said SpaceX’s Starlink Internet Could Help President Trump. Tesla, Inc. (NASDAQ:TSLA) is one of...",Yahoo Entertainment,2025-08-29T20:45:34Z,https://finance.yahoo.com/news/tesla-inc-tsla-terrific-buy-204534107.html,2025-08-31 18:32:34.305897
TSLA,Tesla's Struggles In China Come At Bad Time: Electric Vehicles Hit 51% Market Share In Most Populous Country,"Tesla Inc (NASDAQ:TSLA) is struggling with sales demand in several territories around the world, including China. A new report suggests that Tesla's declines...",Yahoo Entertainment,2025-08-29T20:43:09Z,https://finance.yahoo.com/news/teslas-struggles-china-come-bad-204309556.html,2025-08-31 18:32:34.305899
TSLA,This Analyst Says Tesla Stock Is Ready to Rip Higher. Should You Buy TSLA Now?,,Biztoc.com,2025-08-29T17:50:22Z,https://biztoc.com/x/e5eab3e171dc5f9b,2025-08-31 18:32:34.305901
TSLA,This Analyst Says Tesla Stock Is Ready to Rip Higher. Should You Buy TSLA Now?,"Tesla stock remains volatile in 2025 due to slowing growth, rising competition, and Elon Musk's political statements. Is TSLA stock a good buy right now?",Barchart.com,2025-08-29T17:42:33Z,https://www.barchart.com/story/news/34487254/this-analyst-says-tesla-stock-is-ready-to-rip-higher-should-you-buy-tsla-now,2025-08-31 18:32:34.305902
TSLA,Tesla Self-Driving Feature Is a Loser,"A new study shows that only a small fraction of people who might buy a Tesla Inc. (NASDAQ: TSLA) vehicle want a self-driving car. However, Tesla believes that its Full Self-Driving (Supervised), or FSD, is a primary reason people buy its cars. It is not so, a…",Biztoc.com,2025-08-29T14:06:12Z,https://biztoc.com/x/e11fc9e3de700383,2025-08-31 18:32:34.305904
TSLA,Is Tesla Stock Underperforming the Nasdaq?,"As Tesla has lagged behind the broader Nasdaq Composite over the past year, Wall Street analysts remain cautious about the stock’s prospects.",Barchart.com,2025-08-29T13:58:31Z,https://www.barchart.com/story/news/34482130/is-tesla-stock-underperforming-the-nasdaq,2025-08-31 18:32:34.305906
TSLA,BYD's quarterly profit falls for first time in 3-1/2 years as price wars bite,"BEIJING (Reuters) -Chinese electric vehicle maker BYD's  quarterly profit fell for the first time in more than three years, as its expansion hit a speed bump...",Yahoo Entertainment,2025-08-29T11:26:13Z,https://finance.yahoo.com/news/byds-quarterly-profit-falls-first-112613969.html,2025-08-31 18:32:34.305907
TSLA,GraniteShares 1.25X Long TSLA Daily ETF (NASDAQ:TSL) Stock Price Down 1.2% – Here’s Why,"GraniteShares 1.25X Long TSLA Daily ETF (NASDAQ:TSL – Get Free Report) shares were down 1.2% during mid-day trading on Thursday . The company traded as low as $13.53 and last traded at $13.81. Approximately 311,584 shares traded hands during mid-day trading, …",ETF Daily News,2025-08-29T07:42:47Z,https://www.etfdailynews.com/2025/08/29/graniteshares-1-25x-long-tsla-daily-etf-nasdaqtsl-stock-price-down-1-2-heres-why/,2025-08-31 18:32:34.305909
TSLA,"Analysts Set Tesla, Inc. (NASDAQ:TSLA) Price Target at $303.31","Shares of Tesla, Inc. (NASDAQ:TSLA – Get Free Report) have been given an average rating of “Hold” by the forty-two ratings firms that are currently covering the company, Marketbeat reports. Nine investment analysts have rated the stock with a sell rating, fif…",ETF Daily News,2025-08-29T07:06:52Z,https://www.etfdailynews.com/2025/08/29/analysts-set-tesla-inc-nasdaqtsla-price-target-at-303-31/,2025-08-31 18:32:34.305911
TSLA,Electric Vehicle Stocks To Consider – August 27th,"Tesla, NIO, Rivian Automotive, Baidu, Li Auto, XPeng, and Shell are the seven Electric Vehicle stocks to watch today, according to MarketBeat’s stock screener tool. Electric vehicle (EV) stocks are shares in publicly traded companies involved in the design, p…",ETF Daily News,2025-08-29T06:06:44Z,https://www.etfdailynews.com/2025/08/29/electric-vehicle-stocks-to-consider-august-27th/,2025-08-31 18:32:34.305912
TSLA,"Tesla, Inc. Securities Fraud Class Action Lawsuit Pending: Contact Levi & Korsinsky Before October 3, 2025 to Discuss Your Rights – TSLA","NEW YORK, Aug. 28, 2025 (GLOBE NEWSWIRE) -- Levi & Korsinsky, LLP notifies investors in Tesla, Inc. (""Tesla, Inc."" or the ""Company"") (NASDAQ: TSLA) of a class action securities lawsuit.",GlobeNewswire,2025-08-28T20:44:00Z,https://www.globenewswire.com/news-release/2025/08/28/3141162/3080/en/Tesla-Inc-Securities-Fraud-Class-Action-Lawsuit-Pending-Contact-Levi-Korsinsky-Before-October-3-2025-to-Discuss-Your-Rights-TSLA.html,2025-08-31 18:32:34.305914
TSLA,"Dieselgate Meets EVgate: As Tesla Loses to Volkswagen in Decade-First Failure, How Should You Play TSLA Stock?",,Biztoc.com,2025-08-28T17:38:29Z,https://biztoc.com/x/5fa45d7143923b5e,2025-08-31 18:32:34.305917
TSLA,"Dieselgate Meets EVgate: As Tesla Loses to Volkswagen in Decade-First Failure, How Should You Play TSLA Stock?","This article explores Tesla’s rare defeat in the European EV market, where Volkswagen has taken the lead, drawing parallels to Dieselgate and examining what ...",Barchart.com,2025-08-28T17:22:28Z,https://www.barchart.com/story/news/34459311/dieselgate-meets-evgate-as-tesla-loses-to-volkswagen-in-decade-first-failure-how-should-you-play-tsla-stock,2025-08-31 18:32:34.305919
TSLA,Elon Musk Predicts ‘In About 6 or 7 Years’ SpaceX’s Starship Will Have ‘Days Where Starship Launches More Than 24 Times in 24 Hours’,"CEO Elon Musk projects an extreme Starship launch cadence, underscoring SpaceX’s reusability ambitions and potential market consequences for satellite...",Barchart.com,2025-08-28T17:08:43Z,https://www.barchart.com/story/news/34458907/elon-musk-predicts-in-about-6-or-7-years-spacexs-starship-will-have-days-where-starship-launches-more-than-24-times-in-24-hours,2025-08-31 18:32:34.305921
AMZN,The Thin Yellow Line 2015 1080p AMZN WEB-DL H264-PSTX,"La delgada línea amarilla (original title) – Awards 15 wins & 28 nominations total See more awards »Plot: Five men are hired to paint the lines of a road. Painting 1 km/hour is slow enough to learn the lines between good and evil, laughter and despair, life a…",Rlsbb.cc,2025-08-30T08:28:06Z,https://post.rlsbb.cc/the-thin-yellow-line-2015-1080p-amzn-web-dl-h264-pstx/,2025-08-31 18:32:35.640425
AMZN,"1,098 Shares in Amazon.com, Inc. $AMZN Acquired by Orca Wealth Management LLC","Orca Wealth Management LLC bought a new stake in Amazon.com, Inc. (NASDAQ:AMZN) in the 1st quarter, Holdings Channel.com reports. The fund bought 1,098 shares of the e-commerce giant’s stock, valued at approximately $209,000. Several other large investors hav…",ETF Daily News,2025-08-30T07:45:00Z,https://www.etfdailynews.com/2025/08/30/1098-shares-in-amazon-com-inc-amzn-acquired-by-orca-wealth-management-llc/,2025-08-31 18:32:35.640443
AMZN,"Tredje AP fonden Has $555.88 Million Stock Holdings in Amazon.com, Inc. $AMZN","Tredje AP fonden grew its holdings in Amazon.com, Inc. (NASDAQ:AMZN) by 18.8% in the 1st quarter, according to its most recent disclosure with the Securities and Exchange Commission (SEC). The institutional investor owned 2,921,665 shares of the e-commerce gi…",ETF Daily News,2025-08-30T07:45:00Z,https://www.etfdailynews.com/2025/08/30/tredje-ap-fonden-has-555-88-million-stock-holdings-in-amazon-com-inc-amzn/,2025-08-31 18:32:35.640445
AMZN,"FSA Advisors Inc. Raises Stake in Amazon.com, Inc. $AMZN","FSA Advisors Inc. boosted its position in Amazon.com, Inc. (NASDAQ:AMZN) by 12.5% in the 1st quarter, according to the company in its most recent Form 13F filing with the Securities and Exchange Commission (SEC). The institutional investor owned 3,948 shares …",ETF Daily News,2025-08-30T07:45:00Z,https://www.etfdailynews.com/2025/08/30/fsa-advisors-inc-raises-stake-in-amazon-com-inc-amzn/,2025-08-31 18:32:35.640447
AMZN,"Amazon.com, Inc. $AMZN is Capital Management Associates NY’s 3rd Largest Position","Capital Management Associates NY cut its holdings in shares of Amazon.com, Inc. (NASDAQ:AMZN) by 31.0% in the first quarter, according to its most recent filing with the Securities and Exchange Commission. The fund owned 11,000 shares of the e-commerce giant’…",ETF Daily News,2025-08-30T07:45:00Z,https://www.etfdailynews.com/2025/08/30/amazon-com-inc-amzn-is-capital-management-associates-nys-3rd-largest-position/,2025-08-31 18:32:35.640449
AMZN,"Cutler Investment Counsel LLC Has $2.55 Million Stock Holdings in Amazon.com, Inc. $AMZN","Cutler Investment Counsel LLC trimmed its position in Amazon.com, Inc. (NASDAQ:AMZN) by 0.4% in the first quarter, Holdings Channel.com reports. The institutional investor owned 13,415 shares of the e-commerce giant’s stock after selling 58 shares during the …",ETF Daily News,2025-08-30T07:44:59Z,https://www.etfdailynews.com/2025/08/30/cutler-investment-counsel-llc-has-2-55-million-stock-holdings-in-amazon-com-inc-amzn/,2025-08-31 18:32:35.640451
AMZN,"Renaissance Investment Group LLC Sells 110 Shares of Amazon.com, Inc. $AMZN","Renaissance Investment Group LLC trimmed its stake in Amazon.com, Inc. (NASDAQ:AMZN) by 5.9% in the 1st quarter, according to the company in its most recent filing with the Securities and Exchange Commission. The institutional investor owned 1,750 shares of t…",ETF Daily News,2025-08-30T07:12:47Z,https://www.etfdailynews.com/2025/08/30/renaissance-investment-group-llc-sells-110-shares-of-amazon-com-inc-amzn/,2025-08-31 18:32:35.640453
AMZN,"Amazon.com, Inc. $AMZN Shares Purchased by Geneos Wealth Management Inc.","Geneos Wealth Management Inc. raised its position in Amazon.com, Inc. (NASDAQ:AMZN) by 43.9% in the first quarter, Holdings Channel reports. The fund owned 152,787 shares of the e-commerce giant’s stock after buying an additional 46,634 shares during the peri…",ETF Daily News,2025-08-30T07:12:46Z,https://www.etfdailynews.com/2025/08/30/amazon-com-inc-amzn-shares-purchased-by-geneos-wealth-management-inc/,2025-08-31 18:32:35.640455
AMZN,"Amazon.com, Inc. $AMZN Stock Holdings Increased by Harvest Fund Management Co. Ltd","Harvest Fund Management Co. Ltd boosted its stake in Amazon.com, Inc. (NASDAQ:AMZN) by 1.7% during the 1st quarter, according to the company in its most recent filing with the Securities and Exchange Commission. The firm owned 532,269 shares of the e-commerce…",ETF Daily News,2025-08-30T07:12:46Z,https://www.etfdailynews.com/2025/08/30/amazon-com-inc-amzn-stock-holdings-increased-by-harvest-fund-management-co-ltd/,2025-08-31 18:32:35.640457
AMZN,"Amazon.com, Inc. $AMZN is Eastern Bank’s 6th Largest Position","Eastern Bank lessened its holdings in shares of Amazon.com, Inc. (NASDAQ:AMZN) by 3.4% in the 1st quarter, according to its most recent Form 13F filing with the Securities and Exchange Commission (SEC). The firm owned 714,142 shares of the e-commerce giant’s …",ETF Daily News,2025-08-30T07:12:46Z,https://www.etfdailynews.com/2025/08/30/amazon-com-inc-amzn-is-eastern-banks-6th-largest-position/,2025-08-31 18:32:35.640458
AMZN,"S&CO Inc. Boosts Stock Position in Amazon.com, Inc. $AMZN","S&CO Inc. raised its stake in Amazon.com, Inc. (NASDAQ:AMZN) by 6.0% during the 1st quarter, according to its most recent disclosure with the Securities and Exchange Commission (SEC). The fund owned 162,743 shares of the e-commerce giant’s stock after purchas…",ETF Daily News,2025-08-30T07:12:46Z,https://www.etfdailynews.com/2025/08/30/sco-inc-boosts-stock-position-in-amazon-com-inc-amzn/,2025-08-31 18:32:35.640460
AMZN,"Amazon.com, Inc. $AMZN Stock Holdings Boosted by Marshall Investment Management LLC","Marshall Investment Management LLC boosted its position in Amazon.com, Inc. (NASDAQ:AMZN) by 5.2% during the 1st quarter, Holdings Channel.com reports. The firm owned 25,867 shares of the e-commerce giant’s stock after purchasing an additional 1,290 shares du…",ETF Daily News,2025-08-30T07:12:46Z,https://www.etfdailynews.com/2025/08/30/amazon-com-inc-amzn-stock-holdings-boosted-by-marshall-investment-management-llc/,2025-08-31 18:32:35.640462
AMZN,Best Retail Stocks To Watch Now – August 28th,"Tesla, Walgreens Boots Alliance, Apple, Amazon.com, Microsoft, UnitedHealth Group, and Micron Technology are the seven Retail stocks to watch today, according to MarketBeat’s stock screener tool. Retail stocks are shares of publicly traded companies whose pri…",ETF Daily News,2025-08-30T07:04:56Z,https://www.etfdailynews.com/2025/08/30/best-retail-stocks-to-watch-now-august-28th/,2025-08-31 18:32:35.640464
AMZN,"Jim Cramer Admits He Was Wrong About Amazon.com, Inc. (AMZN) & AI Spending","We recently published Jim Cramer Said AI Is A “Souped-Up Google” As He Discussed These 11 Stocks. Amazon.com, Inc. (NASDAQ:AMZN) is one of the stocks Jim...",Yahoo Entertainment,2025-08-29T21:45:27Z,https://finance.yahoo.com/news/jim-cramer-admits-wrong-amazon-214527254.html,2025-08-31 18:32:35.640470
AMZN,"Citi Reiterates a Buy Rating on Amazon.com (AMZN), Keeps PT","Amazon.com, Inc. (NASDAQ:AMZN) is one of the Stocks That Will Make You Rich In 5 Years. On August 27, Ronald Josey, an analyst from Citi, reiterated the Buy ...",Yahoo Entertainment,2025-08-29T19:13:00Z,https://finance.yahoo.com/news/citi-reiterates-buy-rating-amazon-191300801.html,2025-08-31 18:32:35.640472
AMZN,Should You Buy the Post-Earnings Plunge in Marvell Stock?,Marvell stock tumbles as the chipmaker misses expectations for Q2 data center revenue and future guidance. A JPMorgan analyst recommends buying the post...,Barchart.com,2025-08-29T18:32:40Z,https://www.barchart.com/story/news/34488330/should-you-buy-the-post-earnings-plunge-in-marvell-stock,2025-08-31 18:32:35.640474
AMZN,Przepiekne 2025 1080p AMZN WEB-DL H264-playWEB,"Awards 1 nomination total See more awards »Plot: The story of six extraordinary heroines at different stages of life, each striving in her own way for happiness and fulfillment, seeking to live in harmony with herself.Genre: Comedy | DramaIMDB Rating Live: IM…",Rlsbb.cc,2025-08-29T18:29:00Z,https://post.rlsbb.cc/przepiekne-2025-1080p-amzn-web-dl-h264-playweb/,2025-08-31 18:32:35.640483
AMZN,Digman S02E08 720p AMZN WEB-DL H264-NTb,"Season 2, Episode 08 – “The Christ Figure”When Arkies begin disappearing, it’s up to Rip and Saltine to find out who’s responsible, even if it may bring about the end of history. Could it somehow involve Vindita (Tatiana Maslany)? And what connection do she a…",Rlsbb.ru,2025-08-29T17:37:50Z,https://post.rlsbb.ru/digman-s02e08-720p-amzn-web-dl-h264-ntb/,2025-08-31 18:32:35.640584
AMZN,Digman S02E08 720p AMZN WEB-DL H264-NTb,"Season 2, Episode 08 – “The Christ Figure”When Arkies begin disappearing, it’s up to Rip and Saltine to find out who’s responsible, even if it may bring about the end of history. Could it somehow involve Vindita (Tatiana Maslany)? And what connection do she a…",Rlsbb.cc,2025-08-29T17:37:03Z,https://post.rlsbb.cc/digman-s02e08-720p-amzn-web-dl-h264-ntb/,2025-08-31 18:32:35.640586
AMZN,Chasing Bigfoot The Quest For Truth S01 1080p AMZN WEB-DL H264-deadorbit,"The series looks at the Bigfoot legend through the eyes of the true believers, who devote their lives to discovering the hidden truth and bringing home the evidence to prove it. For many decades, there has been grainy photographs and campfire stories told of …",Rlsbb.cc,2025-08-29T16:59:04Z,https://post.rlsbb.cc/chasing-bigfoot-the-quest-for-truth-s01-1080p-amzn-web-dl-h264-deadorbit/,2025-08-31 18:32:35.640641
NVDA,"Wooster Corthell Wealth Management Inc. Buys Shares of 6,628 NVIDIA Corporation $NVDA","Wooster Corthell Wealth Management Inc. bought a new stake in shares of NVIDIA Corporation (NASDAQ:NVDA – Free Report) during the first quarter, according to the company in its most recent Form 13F filing with the Securities and Exchange Commission. The firm …",ETF Daily News,2025-08-30T09:50:48Z,https://www.etfdailynews.com/2025/08/30/wooster-corthell-wealth-management-inc-buys-shares-of-6628-nvidia-corporation-nvda/,2025-08-31 18:32:36.009757
NVDA,Wellington Shields & Co. LLC Decreases Stock Position in NVIDIA Corporation $NVDA,"Wellington Shields & Co. LLC decreased its position in shares of NVIDIA Corporation (NASDAQ:NVDA – Free Report) by 0.3% during the first quarter, according to the company in its most recent filing with the SEC. The institutional investor owned 66,226 shares o…",ETF Daily News,2025-08-30T09:19:00Z,https://www.etfdailynews.com/2025/08/30/wellington-shields-co-llc-decreases-stock-position-in-nvidia-corporation-nvda/,2025-08-31 18:32:36.009769
NVDA,Carl P. Sherr & Co. LLC Purchases 907 Shares of NVIDIA Corporation $NVDA,"Carl P. Sherr & Co. LLC lifted its position in NVIDIA Corporation (NASDAQ:NVDA – Free Report) by 3.2% in the 1st quarter, HoldingsChannel reports. The institutional investor owned 28,949 shares of the computer hardware maker’s stock after buying an additional…",ETF Daily News,2025-08-30T09:18:59Z,https://www.etfdailynews.com/2025/08/30/carl-p-sherr-co-llc-purchases-907-shares-of-nvidia-corporation-nvda/,2025-08-31 18:32:36.009771
NVDA,Best Automotive Stocks To Consider – August 28th,"NVIDIA, Tesla, Micron Technology, Taiwan Semiconductor Manufacturing, Costco Wholesale, Salesforce, and Bank of America are the seven Automotive stocks to watch today, according to MarketBeat’s stock screener tool. Automotive stocks are equity shares in publi…",ETF Daily News,2025-08-30T09:18:59Z,https://www.etfdailynews.com/2025/08/30/best-automotive-stocks-to-consider-august-28th/,2025-08-31 18:32:36.009772
NVDA,Brucke Financial Inc. Has $3.64 Million Stake in NVIDIA Corporation $NVDA,"Brucke Financial Inc. increased its stake in shares of NVIDIA Corporation (NASDAQ:NVDA – Free Report) by 18.8% in the first quarter, Holdings Channel.com reports. The fund owned 33,446 shares of the computer hardware maker’s stock after purchasing an addition…",ETF Daily News,2025-08-30T09:18:58Z,https://www.etfdailynews.com/2025/08/30/brucke-financial-inc-has-3-64-million-stake-in-nvidia-corporation-nvda/,2025-08-31 18:32:36.009774
NVDA,Delap Wealth Advisory LLC Grows Stake in NVIDIA Corporation $NVDA,"Delap Wealth Advisory LLC grew its position in NVIDIA Corporation (NASDAQ:NVDA – Free Report) by 9.8% during the 1st quarter, according to its most recent Form 13F filing with the Securities and Exchange Commission. The fund owned 7,568 shares of the computer…",ETF Daily News,2025-08-30T09:18:56Z,https://www.etfdailynews.com/2025/08/30/delap-wealth-advisory-llc-grows-stake-in-nvidia-corporation-nvda/,2025-08-31 18:32:36.009775
NVDA,Thornburg Investment Management Inc. Cuts Stock Holdings in NVIDIA Corporation $NVDA,"Thornburg Investment Management Inc. lowered its stake in shares of NVIDIA Corporation (NASDAQ:NVDA – Free Report) by 50.2% during the first quarter, according to the company in its most recent disclosure with the Securities & Exchange Commission. The firm ow…",ETF Daily News,2025-08-30T09:18:55Z,https://www.etfdailynews.com/2025/08/30/thornburg-investment-management-inc-cuts-stock-holdings-in-nvidia-corporation-nvda/,2025-08-31 18:32:36.009776
NVDA,Dearborn Partners LLC Boosts Position in NVIDIA Corporation $NVDA,"Dearborn Partners LLC grew its holdings in shares of NVIDIA Corporation (NASDAQ:NVDA – Free Report) by 13.6% during the 1st quarter, according to its most recent Form 13F filing with the SEC. The firm owned 35,574 shares of the computer hardware maker’s stock…",ETF Daily News,2025-08-30T09:18:55Z,https://www.etfdailynews.com/2025/08/30/dearborn-partners-llc-boosts-position-in-nvidia-corporation-nvda/,2025-08-31 18:32:36.009777
NVDA,Squire Investment Management Company LLC Purchases 102 Shares of NVIDIA Corporation $NVDA,"Squire Investment Management Company LLC grew its position in NVIDIA Corporation (NASDAQ:NVDA – Free Report) by 4.3% during the first quarter, according to its most recent 13F filing with the SEC. The institutional investor owned 2,462 shares of the computer …",ETF Daily News,2025-08-30T09:18:50Z,https://www.etfdailynews.com/2025/08/30/squire-investment-management-company-llc-purchases-102-shares-of-nvidia-corporation-nvda/,2025-08-31 18:32:36.009779
NVDA,Wolfe Research Issues Positive Forecast for NVIDIA (NASDAQ:NVDA) Stock Price,"NVIDIA (NASDAQ:NVDA – Get Free Report) had its target price raised by stock analysts at Wolfe Research from $220.00 to $230.00 in a note issued to investors on Thursday, Marketbeat Ratings reports. The firm currently has an “outperform” rating on the computer…",ETF Daily News,2025-08-30T07:26:45Z,https://www.etfdailynews.com/2025/08/30/wolfe-research-issues-positive-forecast-for-nvidia-nasdaqnvda-stock-price/,2025-08-31 18:32:36.009781
NVDA,NVIDIA (NASDAQ:NVDA) Price Target Raised to $210.00,"NVIDIA (NASDAQ:NVDA – Get Free Report) had its price target hoisted by Morgan Stanley from $206.00 to $210.00 in a report issued on Thursday, Marketbeat Ratings reports. The brokerage presently has an “overweight” rating on the computer hardware maker’s stock…",ETF Daily News,2025-08-30T07:26:45Z,https://www.etfdailynews.com/2025/08/30/nvidia-nasdaqnvda-price-target-raised-to-210-00/,2025-08-31 18:32:36.009782
NVDA,NVIDIA (NASDAQ:NVDA) Price Target Raised to $235.00 at Bank of America,"NVIDIA (NASDAQ:NVDA – Get Free Report) had its target price increased by equities researchers at Bank of America from $220.00 to $235.00 in a research note issued to investors on Thursday, Marketbeat Ratings reports. The brokerage currently has a “buy” rating…",ETF Daily News,2025-08-30T07:26:45Z,https://www.etfdailynews.com/2025/08/30/nvidia-nasdaqnvda-price-target-raised-to-235-00-at-bank-of-america/,2025-08-31 18:32:36.009783
NVDA,"NVIDIA (NASDAQ:NVDA) Stock Price Expected to Rise, Benchmark Analyst Says","NVIDIA (NASDAQ:NVDA – Get Free Report) had its price objective hoisted by analysts at Benchmark from $190.00 to $220.00 in a research note issued to investors on Thursday, MarketBeat.com reports. The brokerage currently has a “buy” rating on the computer hard…",ETF Daily News,2025-08-30T07:26:45Z,https://www.etfdailynews.com/2025/08/30/nvidia-nasdaqnvda-stock-price-expected-to-rise-benchmark-analyst-says/,2025-08-31 18:32:36.009785
NVDA,NVIDIA (NASDAQ:NVDA) Price Target Raised to $205.00,"NVIDIA (NASDAQ:NVDA – Get Free Report) had its price objective raised by stock analysts at Jefferies Financial Group from $200.00 to $205.00 in a research report issued on Thursday, MarketBeat reports. The brokerage presently has a “buy” rating on the compute…",ETF Daily News,2025-08-30T07:26:44Z,https://www.etfdailynews.com/2025/08/30/nvidia-nasdaqnvda-price-target-raised-to-205-00-3/,2025-08-31 18:32:36.009786
NVDA,Craig Hallum Issues Positive Forecast for NVIDIA (NASDAQ:NVDA) Stock Price,"NVIDIA (NASDAQ:NVDA – Get Free Report) had its target price lifted by research analysts at Craig Hallum from $195.00 to $245.00 in a report released on Thursday,Benzinga reports. The brokerage presently has a “buy” rating on the computer hardware maker’s stoc…",ETF Daily News,2025-08-30T07:26:44Z,https://www.etfdailynews.com/2025/08/30/craig-hallum-issues-positive-forecast-for-nvidia-nasdaqnvda-stock-price/,2025-08-31 18:32:36.009787
NVDA,NVIDIA (NASDAQ:NVDA) Earns Buy Rating from Needham & Company LLC,"NVIDIA (NASDAQ:NVDA – Get Free Report)‘s stock had its “buy” rating restated by stock analysts at Needham & Company LLC in a research report issued on Thursday, MarketBeat reports. They presently have a $200.00 price objective on the computer hardware maker’s…",ETF Daily News,2025-08-30T07:26:44Z,https://www.etfdailynews.com/2025/08/30/nvidia-nasdaqnvda-earns-buy-rating-from-needham-company-llc/,2025-08-31 18:32:36.009788
NVDA,Truist Financial Increases NVIDIA (NASDAQ:NVDA) Price Target to $228.00,"NVIDIA (NASDAQ:NVDA – Get Free Report) had its price target upped by equities researchers at Truist Financial from $210.00 to $228.00 in a report issued on Thursday, Marketbeat Ratings reports. The brokerage currently has a “buy” rating on the computer hardwa…",ETF Daily News,2025-08-30T06:12:45Z,https://www.etfdailynews.com/2025/08/30/truist-financial-increases-nvidia-nasdaqnvda-price-target-to-228-00/,2025-08-31 18:32:36.009790
NVDA,NVIDIA (NASDAQ:NVDA) Given Outperform Rating at Wedbush,"NVIDIA (NASDAQ:NVDA – Get Free Report)‘s stock had its “outperform” rating reissued by equities researchers at Wedbush in a research note issued to investors on Thursday,Benzinga reports. They presently have a $210.00 price target on the computer hardware mak…",ETF Daily News,2025-08-30T06:12:45Z,https://www.etfdailynews.com/2025/08/30/nvidia-nasdaqnvda-given-outperform-rating-at-wedbush/,2025-08-31 18:32:36.009791
NVDA,NVIDIA Corporation (NVDA): Jim Cramer Says Biggest Concern Is NVIDIA Making Money While No One Else Does,,Yahoo Entertainment,2025-08-29T21:46:48Z,https://consent.yahoo.com/v2/collectConsent?sessionId=1_cc-session_2eab09f2-a409-4d73-9388-82aa12138ed8,2025-08-31 18:32:36.009792
NVDA,NVIDIA-linked crypto stock jumps 30% after record earnings,Bitcoin mining firm IREN recently posted record earnings.,TheStreet,2025-08-29T21:40:44Z,https://www.thestreet.com/crypto/markets/nvidia-linked-crypto-stock-jumps-30-after-record-earnings,2025-08-31 18:32:36.009793
META,"Meta's AI leaders discuss using Google, OpenAI models in apps: Report","Leaders at Meta's new AI organisation, Meta Superintelligence Labs, have explored integrating Google's Gemini model to deliver conversational, text-based responses for queries submitted to Meta AI, the company's primary chatbot, the report said.",The Times of India,2025-08-30T10:31:49Z,https://economictimes.indiatimes.com/tech/artificial-intelligence/metas-ai-leaders-discuss-using-google-openai-models-in-apps-report/articleshow/123600876.cms,2025-08-31 18:32:37.304005
META,The Invisibles,"When I was talking about monitoring web performance yesterday, I linked to the CrUX data for The Session.

CrUX is a contraction of Chrome User Experience Report. CrUX just sounds better than CEAR.

It’s data gathered from actual Chrome users worldwide. It ca…",Adactio.com,2025-08-30T10:30:29Z,https://adactio.com/journal/22100,2025-08-31 18:32:37.304017
META,Can Nepal really ban social media platforms that ignore its laws?,"KATHMANDU: The Ministry of Communications and Information Technology has issued a notice instructing social media platforms operating in Nepal, including Facebook, to register within seven days. The ministry warned that failure to comply would lead to gradual…",Khabarhub.com,2025-08-30T10:15:32Z,https://english.khabarhub.com/2025/30/493456/,2025-08-31 18:32:37.304018
META,Why the New York Times Claimed Life Had Been Found on Mars,"If you followed news about either the media industry or space exploration back in 2021, you probably remember when the New York Times accidentally published a story claiming that watermelons had been found on the planet Mars. ""Authorities say rise of fruit al…",Futurism,2025-08-30T10:00:46Z,https://futurism.com/new-york-times-life-mars,2025-08-31 18:32:37.304019
META,"Some women have higher risk of death on common heart attack medication, study finds | CNN","The gold standard drug treatment for heart attacks is ineffective for many and may increase the risk of death and disability in certain women, new studies find.",CNN,2025-08-30T09:54:11Z,https://www.cnn.com/2025/08/30/health/heart-attack-beta-blockers-wellness,2025-08-31 18:32:37.304019
META,nvidia-nat-profiling 1.3.0a20250830,Meta-package providing profiling dependencies for NVIDIA NeMo Agent Toolkit,Pypi.org,2025-08-30T09:45:08Z,https://pypi.org/project/nvidia-nat-profiling/1.3.0a20250830/,2025-08-31 18:32:37.304020
META,nvidia-nat-ingestion 1.3.0a20250830,Meta-package providing ingestion dependencies for NVIDIA NeMo Agent Toolkit,Pypi.org,2025-08-30T09:44:51Z,https://pypi.org/project/nvidia-nat-ingestion/1.3.0a20250830/,2025-08-31 18:32:37.304020
META,Apollo Digital d.o.o. Announces Initiative to Modernize Marketing Practices in Slovenia and Central Europe,"Ljubljana, Slovenia - August 29, 2025 - Apollo Digital d.o.o., a marketing agency based in Ljubljana, today announced a new initiative to update and modernize digital marketing approaches...",Newschannelnebraska.com,2025-08-30T09:42:16Z,https://northeast.newschannelnebraska.com/story/53042650/apollo-digital-doo-announces-initiative-to-modernize-marketing-practices-in-slovenia-and-central-europe,2025-08-31 18:32:37.304021
META,Longtime Meta AI lead staffers passed over by new hires threatening to quit unless Zuck puts them in charge [Awkward],Longtime Meta AI lead staffers passed over by new hires threatening to quit unless Zuck puts them in charge,Fark.com,2025-08-30T09:40:00Z,https://www.fark.com/comments/13794632/Longtime-Meta-AI-lead-staffers-passed-over-by-new-hires-threatening-to-quit-unless-Zuck-puts-them-in-charge,2025-08-31 18:32:37.304021
META,Measuring Marketing Campaign Effectiveness - JoinBrands,"Master measuring marketing campaign effectiveness with our expert guide. Learn to track the right KPIs, analyze data, and prove your marketing ROI.",Joinbrands.com,2025-08-30T09:36:16Z,https://joinbrands.com/blog/measuring-marketing-campaign-effectiveness/,2025-08-31 18:32:37.304023
META,Indonesia confirms media free to cover protests,The Ministry of Communication and Digital Affairs (Kemkomdigi) has emphasized that no restrictions have been imposed on media coverage of public ...,Antaranews.com,2025-08-30T09:34:00Z,https://en.antaranews.com/news/376709/indonesia-confirms-media-free-to-cover-protests,2025-08-31 18:32:37.304024
META,Nvidia is facing its biggest challenge yet: The law of large numbers,Nvidia is a fast-growing and highly profitable enterprise. But that may not be enough to reward investors from here.,Fortune,2025-08-30T09:00:00Z,https://fortune.com/2025/08/30/nvidia-stock-drivers-earnings-outlook-market-cap-predictions/,2025-08-31 18:32:37.304024
META,"The 32 Competitors In DC's K.O. in The Daily LITG, 30th of August 2025","The 32 Competitors In DC's K.O. was the most-read story on Bleeding Cool yesterday. Lying In The Gutters is the daily runaround for the most-read stories the day before, as well as over the past six years. Founded sixteen years ago and steeped in a history of…",Bleeding Cool News,2025-08-30T08:57:04Z,https://bleedingcool.com/comics/the-32-competitors-in-dcs-k-o-in-the-daily-litg-30th-of-august-2025/,2025-08-31 18:32:37.304025
META,Head Strap for Meta Quest 3/Quest 3S $7.99 + Free Shipping w/ Prime,"Woot! [woot.com] has *Head Strap for Meta Quest 3/Quest 3S* on sale for *$7.99*. Shipping is free w/ Prime, otherwise shipping is $6.",Slickdeals.net,2025-08-30T08:49:22Z,https://slickdeals.net/f/18567559-head-strap-for-meta-quest-3-quest-3s-7-99-free-shipping-w-prime,2025-08-31 18:32:37.304025
META,Lucas: Jared Kushner gone but not forgotten,"While fast buck tourism is flourishing along the coast, Tirana, the capital, has become a paradise for drug money laundering.",Boston Herald,2025-08-30T08:44:42Z,https://www.bostonherald.com/2025/08/30/lucas-jared-kushner-gone-but-not-forgotten/,2025-08-31 18:32:37.304026
META,Maincode CEO Dave Lemphers on why Australia needs a homemade AI as tech race continues,"You’re either on the AI ship, or waving its opportunities goodbye — and right now, Australia is yet to board.",7NEWS.com.au,2025-08-30T08:23:59Z,https://7news.com.au/news/maincode-ceo-dave-lemphers-on-why-australia-needs-a-homemade-ai-as-tech-race-continues-c-19855964,2025-08-31 18:32:37.304027
META,Chaya Nayak quits Meta to join OpenAI’s special initiatives team,"Chaya Nayak, Meta's Director of Product Management for Generative AI, has departed after nine years to join OpenAI's Special Initiatives team. She will collaborate with Irina Kofman, focusing on experimental AI opportunities beyond core products. Nayak's expe…",The Times of India,2025-08-30T08:05:07Z,https://economictimes.indiatimes.com/tech/technology/chaya-nayak-quits-meta-to-join-openais-special-initiatives-team/articleshow/123598630.cms,2025-08-31 18:32:37.304027
META,"Manoj Tumu, 23-year-old Indian-American techie with a ₹3 crore Meta package, reveals how he got the job, shares interview tips","Manoj Tumu, a 23-year-old machine learning engineer, transitioned from Amazon to Meta, securing a compensation package exceeding $400,000. He emphasizes real-world experience over personal projects and highlights the importance of behavioral interview prepara…",The Times of India,2025-08-30T08:02:59Z,https://economictimes.indiatimes.com/news/new-updates/manoj-tumu-23-year-old-indian-american-techie-with-a-3-crore-meta-package-reveals-how-he-got-the-job-shares-interview-tips/articleshow/123598623.cms,2025-08-31 18:32:37.304028
META,"India's Richest Man Now Going After Mark Zuckerberg's Meta Glasses — After Starbucks, Coca-Cola, Pepsi And Netflix","On Friday, Reliance Industries Ltd., led by billionaire Mukesh Ambani, unveiled a wave of ambitious artificial intelligence and consumer tech initiatives, including Jio Frames smart glasses, signaling a direct challenge to Meta Platforms Inc.'s (NASDAQ:META) …",Biztoc.com,2025-08-30T08:02:37Z,https://biztoc.com/x/19c143c06ec22bd1,2025-08-31 18:32:37.304028
META,synerty-peek 5.0.0,Peek Platform - Meta Package to install all services,Pypi.org,2025-08-30T07:45:40Z,https://pypi.org/project/synerty-peek/5.0.0/,2025-08-31 18:32:37.304029
NFLX,Netflix (NASDAQ:NFLX) Downgraded to Hold Rating by Wall Street Zen,Netflix (NASDAQ:NFLX – Get Free Report) was downgraded by research analysts at Wall Street Zen from a “buy” rating to a “hold” rating in a research note issued on Saturday. Several other analysts have also issued reports on NFLX. Wells Fargo & Company increas…,ETF Daily News,2025-08-30T06:55:04Z,https://www.etfdailynews.com/2025/08/30/netflix-nasdaqnflx-downgraded-to-hold-rating-by-wall-street-zen/,2025-08-31 18:32:38.613743
NFLX,"Netflix Stock Worth The Risk At $1,200?",This substantial rise follows two strategic decisions made by Netflix after the pandemic: enforcing restrictions on password sharing...,Forbes,2025-08-29T09:30:49Z,https://www.forbes.com/sites/greatspeculations/2025/08/29/netflix-stock-worth-the-risk-at-1200/,2025-08-31 18:32:38.613749
NFLX,JPMorgan Remains Neutral on Netflix (NFLX) Despite Better Operational Momentum,,Yahoo Entertainment,2025-08-29T04:27:02Z,https://consent.yahoo.com/v2/collectConsent?sessionId=1_cc-session_77103ed2-f457-4a8d-a7e7-1e4cb2d469ef,2025-08-31 18:32:38.613750
NFLX,Comcast (CMCSA) Nears New Deal with MLB,"Comcast Corporation (NASDAQ:CMCSA) is one of the 10 Best Affordable Stocks Under $50 to Buy. On August 21, the Wall Street Journal reported that Comcast...",Yahoo Entertainment,2025-08-28T04:47:58Z,https://finance.yahoo.com/news/comcast-cmcsa-nears-deal-mlb-044758878.html,2025-08-31 18:32:38.613751
NFLX,Netflix (NASDAQ:NFLX) Stock Price Up 1.6% After Analyst Upgrade,"Netflix, Inc. (NASDAQ:NFLX – Get Free Report)’s share price was up 1.6% during trading on Monday after Wall Street Zen upgraded the stock from a hold rating to a buy rating. The company traded as high as $1,233.80 and last traded at $1,223.53. Approximately 1…",ETF Daily News,2025-08-27T05:17:03Z,https://www.etfdailynews.com/2025/08/27/netflix-nasdaqnflx-stock-price-up-1-6-after-analyst-upgrade/,2025-08-31 18:32:38.613752
NFLX,Signal: Buy the Dip on Netflix Stock,NFLX's pullback from a late-July all-time high is testing a historically friendly trendline,Yahoo Entertainment,2025-08-26T19:02:46Z,https://finance.yahoo.com/news/signal-buy-dip-netflix-stock-190246878.html,2025-08-31 18:32:38.613753
NFLX,Can Roku Stock Survive the Streaming Wars?,Roku is a story of resilience and adaptation.,Barchart.com,2025-08-26T11:30:02Z,https://www.barchart.com/story/news/34388668/can-roku-stock-survive-the-streaming-wars,2025-08-31 18:32:38.613754
NFLX,Netflix’s (NFLX) ‘Kpop Demon Hunters’ Tops Box Office in Debut - TipRanks,"Netflix’s (NFLX) ‘Kpop Demon Hunters’ Tops Box Office in DebutTipRanks Led by HUNTR/X’s ‘Golden’ at No. 1, ‘KPop Demon Hunters’ Becomes First Soundtrack With Four Simultaneous Hot 100 Top 10sBillboard The KPop Demon Hunters Sing-Along Is Going Up, Up, Up on N…",Slashdot.org,2025-08-25T17:15:33Z,https://slashdot.org/firehose.pl?op=view&amp;id=178857644,2025-08-31 18:32:38.613754
NFLX,"Top Stock Movers Now: Keurig Dr Pepper, RH, Intel, and More",U.S. equities were mixed and little changed ahead of more big corporate earnings reports scheduled for this week.,Investopedia,2025-08-25T15:35:19Z,https://www.investopedia.com/top-stock-movers-now-keurig-dr-pepper-rh-intel-and-more-11796763,2025-08-31 18:32:38.613755
NFLX,"Figma draws 'neutral' ratings as Wall Street flags lofty valuation, rising competition","(Reuters) -Wall Street brokerages on Monday started their coverage of Figma (FIG) with neutral ratings, as they weighed the design software maker's lofty...",Yahoo Entertainment,2025-08-25T11:14:21Z,https://finance.yahoo.com/news/figma-draws-neutral-ratings-wall-111421380.html,2025-08-31 18:32:38.613756
NFLX,"Netflix, Inc. (NASDAQ:NFLX) Receives $1,297.66 Average PT from Brokerages","Shares of Netflix, Inc. (NASDAQ:NFLX – Get Free Report) have been assigned a consensus rating of “Moderate Buy” from the thirty-six brokerages that are presently covering the stock, MarketBeat.com reports. Three research analysts have rated the stock with a s…",ETF Daily News,2025-08-25T07:07:06Z,https://www.etfdailynews.com/2025/08/25/netflix-inc-nasdaqnflx-receives-1297-66-average-pt-from-brokerages/,2025-08-31 18:32:38.613757
NFLX,Where Will Netflix Be in 5 Years?,"Key Points
-
Netflix’s strong fundamentals have helped the stock soar in the past several years.
-
The company dominates the streaming industry with over 300 million subscribers.
-
There's a good chance that Netflix’s lofty P/E ratio will come down by 2030.
N…",Biztoc.com,2025-08-24T22:45:11Z,https://biztoc.com/x/8253c7d9c50bcada,2025-08-31 18:32:38.613758
NFLX,"Netflix, Inc. (NFLX) Becomes Corient IA LLC’s 4th-Largest Holding",,Yahoo Entertainment,2025-08-24T05:18:33Z,https://consent.yahoo.com/v2/collectConsent?sessionId=1_cc-session_2a0165f5-8e3d-4722-8191-a82496dcfe03,2025-08-31 18:32:38.613759
NFLX,Netflix (NASDAQ:NFLX) Raised to “Buy” at Wall Street Zen,Netflix (NASDAQ:NFLX – Get Free Report) was upgraded by analysts at Wall Street Zen from a “hold” rating to a “buy” rating in a research note issued on Friday. NFLX has been the subject of several other research reports. Oppenheimer raised their price objecti…,ETF Daily News,2025-08-23T05:26:52Z,https://www.etfdailynews.com/2025/08/23/netflix-nasdaqnflx-raised-to-buy-at-wall-street-zen/,2025-08-31 18:32:38.613759
NFLX,Jeffrey Katzenberg and Kimbal Musk are bringing sky-high storytelling to life,The DreamWorks co-founder is backing Musk's drone startup.,Yahoo Entertainment,2025-08-22T13:00:58Z,https://finance.yahoo.com/news/jeffrey-katzenberg-and-kimbal-musk-are-bringing-sky-high-storytelling-to-life-130058832.html,2025-08-31 18:32:38.613760
NFLX,"YieldMax® ETFs Announces Distributions on FIAT, ULTY, AMDY, CVNY, HOOY, and Others","YieldMax® ETFs Announces Distributions on 
FIAT, ULTY, AMDY, CVNY, HOOY, and Others......",GlobeNewswire,2025-08-20T11:13:00Z,https://www.globenewswire.com/news-release/2025/08/20/3136312/0/en/YieldMax-ETFs-Announces-Distributions-on-FIAT-ULTY-AMDY-CVNY-HOOY-and-Others.html,2025-08-31 18:32:38.613761
NFLX,"Stock market today: Nasdaq drops over 1% as Palantir, AMD drag down tech",Wall Street braced for results from retail giants as rising concerns over inflation cloud the path to an interest rate cut.,Yahoo Entertainment,2025-08-19T20:03:35Z,https://finance.yahoo.com/news/live/stock-market-today-nasdaq-drops-over-1-as-palantir-amd-drag-down-tech-200335512.html,2025-08-31 18:32:38.613762
NFLX,What's Going On With Netflix (NFLX) Stock Tuesday?,"Shares of Netflix Inc (NASDAQ:NFLX) are trading lower Tuesday afternoon, despite a lack of company specific news for the session. Here’s what investors need to know.
What To Know: The stock is potentially reacting to Monday’s news that Matt and Ross Duffer, t…",Biztoc.com,2025-08-19T19:33:06Z,https://biztoc.com/x/0335da91f960a541,2025-08-31 18:32:38.613762
NFLX,"Stock market today: S&P 500, Nasdaq slide as Home Depot leads out retail earnings",Wall Street braced for results from retail giants as rising concerns over inflation cloud the path to an interest rate cut.,Yahoo Entertainment,2025-08-18T23:15:04Z,https://finance.yahoo.com/news/live/stock-market-today-sp-500-nasdaq-slide-as-home-depot-leads-out-retail-earnings-231504644.html,2025-08-31 18:32:38.613763
NFLX,Purpose Investments Inc. Announces August 2025 Distributions,"TORONTO, Aug. 18, 2025 (GLOBE NEWSWIRE) — Purpose Investments Inc. (“Purpose”) is pleased to announce distributions for the month of August 2025 for its open-end exchange-traded funds and closed-end funds (“the Funds”). The ex-distribution date for all Open-E…",Financial Post,2025-08-18T23:00:30Z,https://financialpost.com/globe-newswire/purpose-investments-inc-announces-august-2025-distributions,2025-08-31 18:32:38.613764
